{
  "l3tol2_precision_min": 0.4,
  "l3tol2_precision_max": 0.6,
  "kl_beta": 1.0,
  "learning_rate": 0.01,
  "average_free_energy_by_state": {
    "breath_focus": 1.1008527426018688,
    "mind_wandering": 1.2945815974022534,
    "meta_awareness": 0.8167510446178856,
    "redirect_breath": 0.8150933490184966
  },
  "average_efe_by_state": {
    "breath_focus": 0.9538523785778857,
    "mind_wandering": 1.0382735307267128,
    "meta_awareness": 1.0039896711922596,
    "redirect_breath": 1.0810549210629834
  },
  "average_prediction_error_by_state": {
    "breath_focus": 0.027291398075622204,
    "mind_wandering": 0.051582870664285276,
    "meta_awareness": 0.028698038037991123,
    "redirect_breath": 0.03489464663616019
  },
  "average_precision_by_state": {
    "breath_focus": 0.49765814417646453,
    "mind_wandering": 0.46740986360555076,
    "meta_awareness": 0.49638794481371246,
    "redirect_breath": 0.5090532249517647
  }
}