{
  "l3tol2_precision_range": [
    0.4,
    0.6
  ],
  "kl_beta": 1.0,
  "learning_rate": 0.01,
  "average_free_energy_by_state": {
    "breath_focus": 0.1798060288497293,
    "mind_wandering": 0.22830501919792545,
    "meta_awareness": 0.1227371675351004,
    "redirect_breath": 0.12974942157280098
  },
  "average_efe_by_state": {
    "breath_focus": 0.9551233559649143,
    "mind_wandering": 1.038359602348571,
    "meta_awareness": 1.0042711431421416,
    "redirect_breath": 1.080465010587162
  },
  "average_prediction_error_by_state": {
    "breath_focus": 0.00415937777439216,
    "mind_wandering": 0.013001018927024398,
    "meta_awareness": 0.003871417302348629,
    "redirect_breath": 0.004775030943067762
  },
  "average_precision_by_state": {
    "breath_focus": 0.49024794816470885,
    "mind_wandering": 0.4595622356209351,
    "meta_awareness": 0.49349361242604833,
    "redirect_breath": 0.5069580952415225
  }
}