{
  "precision_weight": null,
  "complexity_penalty": null,
  "learning_rate": 0.01,
  "average_free_energy_by_state": {
    "breath_focus": 0.26995359957770065,
    "mind_wandering": 0.39909014989113073,
    "meta_awareness": 0.45333706729990597,
    "redirect_breath": 0.24386874160596303
  },
  "average_prediction_error_by_state": {
    "breath_focus": 0.02534963965622915,
    "mind_wandering": 0.1293987471466794,
    "meta_awareness": 0.14012622507289052,
    "redirect_breath": 0.013203011485858864
  },
  "average_precision_by_state": {
    "breath_focus": 0.7063557876188452,
    "mind_wandering": 0.615454335709572,
    "meta_awareness": 0.7715441676357103,
    "redirect_breath": 0.7540448708691156
  },
  "network_expectations": {}
}