{
  "l3tol2_precision_range": [
    0.4,
    0.6
  ],
  "kl_beta": 1.0,
  "learning_rate": 0.01,
  "average_free_energy_by_state": {
    "breath_focus": 0.18942462976584037,
    "mind_wandering": 0.2330762851531238,
    "meta_awareness": 0.11640784505197382,
    "redirect_breath": 0.13267663226110263
  },
  "average_efe_by_state": {
    "breath_focus": 0.9551140762678269,
    "mind_wandering": 1.0383592494494458,
    "meta_awareness": 1.0042723068725312,
    "redirect_breath": 1.0804663473612028
  },
  "average_prediction_error_by_state": {
    "breath_focus": 0.004260400691805637,
    "mind_wandering": 0.01957960151833579,
    "meta_awareness": 0.005327072350663962,
    "redirect_breath": 0.004062420426917633
  },
  "average_precision_by_state": {
    "breath_focus": 0.49024254294868225,
    "mind_wandering": 0.45947457889015575,
    "meta_awareness": 0.49315101320569654,
    "redirect_breath": 0.506990971003447
  }
}