{
  "l3tol2_precision_range": [
    0.4,
    0.6
  ],
  "kl_beta": 0.55,
  "learning_rate": 0.02,
  "average_free_energy_by_state": {
    "breath_focus": 0.06698911564230332,
    "mind_wandering": 0.33298506606493566,
    "meta_awareness": 0.05790315713872884,
    "redirect_breath": 0.06297125783851493
  },
  "average_efe_by_state": {
    "breath_focus": 0.9281425121018055,
    "mind_wandering": 0.9202264957708373,
    "meta_awareness": 0.8938652037296875,
    "redirect_breath": 0.9380103682005045
  },
  "average_prediction_error_by_state": {
    "breath_focus": 0.003945116727422935,
    "mind_wandering": 0.005777707939662212,
    "meta_awareness": 0.001771085017891775,
    "redirect_breath": 0.003764661436819467
  },
  "average_precision_by_state": {
    "breath_focus": 0.48618864352917773,
    "mind_wandering": 0.45983344170051277,
    "meta_awareness": 0.4945999339196828,
    "redirect_breath": 0.4998893634306238
  }
}