{
  "precision_weight": 0.4,
  "complexity_penalty": 0.4,
  "learning_rate": 0.01,
  "average_free_energy_by_state": {
    "breath_focus": 0.26016792321501575,
    "mind_wandering": 0.34900090706270465,
    "meta_awareness": 0.3894249991835835,
    "redirect_breath": 0.39200173299363317
  },
  "average_prediction_error_by_state": {
    "breath_focus": 0.051886942878623575,
    "mind_wandering": 0.14125954022938367,
    "meta_awareness": 0.18719144141144842,
    "redirect_breath": 0.05729677770683106
  },
  "average_precision_by_state": {
    "breath_focus": 0.6987269502948005,
    "mind_wandering": 0.610882236562939,
    "meta_awareness": 0.7625179826206995,
    "redirect_breath": 0.7531850455452386
  },
  "network_expectations": {}
}