{
  "l3tol2_precision_range": [
    0.4,
    0.6
  ],
  "kl_beta": 1.0,
  "learning_rate": 0.01,
  "average_free_energy_by_state": {
    "breath_focus": 0.1466550797198874,
    "mind_wandering": 0.25217347328913525,
    "meta_awareness": 0.131163810128751,
    "redirect_attention": 0.10371401601018962
  },
  "average_efe_by_state": {
    "breath_focus": 0.9537845188028947,
    "mind_wandering": 1.0222764845383103,
    "meta_awareness": 1.0086462363902253,
    "redirect_attention": 1.0850343626390513
  },
  "average_prediction_error_by_state": {
    "breath_focus": 0.007706318990106386,
    "mind_wandering": 0.01026081608933017,
    "meta_awareness": 0.008407979275849041,
    "redirect_attention": 0.006411233611543777
  },
  "average_precision_by_state": {
    "breath_focus": 0.5200061575715674,
    "mind_wandering": 0.4647657826909025,
    "meta_awareness": 0.5055865941789792,
    "redirect_attention": 0.5317793498958857
  }
}