{
  "precision_weight": 0.5,
  "complexity_penalty": 0.2,
  "learning_rate": 0.02,
  "average_free_energy_by_state": {
    "breath_focus": 1.7980090673462896,
    "mind_wandering": 4.818388077319353,
    "meta_awareness": 3.874086880556515,
    "redirect_breath": 2.9861978314914923
  },
  "average_prediction_error_by_state": {
    "breath_focus": 0.7926243589265499,
    "mind_wandering": 2.34544990075636,
    "meta_awareness": 2.194449248757621,
    "redirect_breath": 1.5614908511355294
  },
  "average_precision_by_state": {
    "breath_focus": 0.7561310778525097,
    "mind_wandering": 0.6846245447952816,
    "meta_awareness": 0.7916667466060758,
    "redirect_breath": 0.78139097736256
  },
  "network_expectations": {
    "breath_focus": {
      "DMN": 0.3621046512381205,
      "VAN": 0.5981843373762498,
      "DAN": 0.6808041268556949,
      "FPN": 0.687892497510707
    },
    "mind_wandering": {
      "DMN": 0.5106127512675381,
      "VAN": 0.6143022942588111,
      "DAN": 0.5011967107730425,
      "FPN": 0.5922467379591122
    },
    "meta_awareness": {
      "DMN": 0.4087783554613264,
      "VAN": 0.6675523867251852,
      "DAN": 0.5547100756224063,
      "FPN": 0.665127234856731
    },
    "redirect_breath": {
      "DMN": 0.37721875098428953,
      "VAN": 0.6010678036351672,
      "DAN": 0.6269933402163567,
      "FPN": 0.713429930548713
    }
  }
}