{
  "l3tol2_precision_range": [
    0.4,
    0.6
  ],
  "kl_beta": 0.55,
  "l2_vi_steps": 2,
  "l2_vi_lr": 0.24,
  "l2_vi_obs_weight": 1.0,
  "l2_vi_prior_weight": 1.0,
  "l2_vi_sensory_weight": 0.35,
  "l2_vi_temporal_weight": 0.12,
  "l2_vi_grad_clip": 5.0,
  "efe_ambiguity_weight": 0.35,
  "efe_cycle_strength": 0.35,
  "efe_gain": 0.35,
  "policy_horizon": 1,
  "policy_temperature": 1.0,
  "policy_temperature_by_state": {
    "breath_focus": 1.05,
    "mind_wandering": 0.95,
    "meta_awareness": 0.85,
    "redirect_attention": 0.9
  },
  "policy_horizon_discount": 0.6,
  "learning_rate": 0.02,
  "average_free_energy_by_state": {
    "breath_focus": 0.06681568070673026,
    "mind_wandering": 0.07134919301089314,
    "meta_awareness": 0.09213681320009166,
    "redirect_attention": 0.06210020093409264
  },
  "average_efe_by_state": {
    "breath_focus": 7.019290864451819,
    "mind_wandering": 5.508660332143364,
    "meta_awareness": 2.3276922699979212,
    "redirect_attention": 5.260942472811793
  },
  "average_efe_risk_by_state": {
    "breath_focus": 6.109961822797662,
    "mind_wandering": 4.610574555501133,
    "meta_awareness": 1.453269186447702,
    "redirect_attention": 4.331293666537067
  },
  "average_efe_ambiguity_by_state": {
    "breath_focus": 2.598082976154738,
    "mind_wandering": 2.565959361834946,
    "meta_awareness": 2.49835166728634,
    "redirect_attention": 2.656139446499219
  },
  "average_policy_confidence_by_state": {
    "breath_focus": 0.7144548059044171,
    "mind_wandering": 0.963421477090806,
    "meta_awareness": 0.9999175594378846,
    "redirect_attention": 0.95832281267988
  },
  "average_policy_entropy_by_state": {
    "breath_focus": 0.7284592187981616,
    "mind_wandering": 0.17844875610001035,
    "meta_awareness": 0.0008948152787326847,
    "redirect_attention": 0.17943388601249213
  },
  "average_mw_burden_by_state": {
    "breath_focus": 0.0013858948690078073,
    "mind_wandering": 0.10931597214112795,
    "meta_awareness": 0.05016205130496747,
    "redirect_attention": 0.0153220224737035
  },
  "average_transition_hazard_by_state": {
    "breath_focus": 0.013616308790138735,
    "mind_wandering": 0.015504988278451834,
    "meta_awareness": 0.1295115853729591,
    "redirect_attention": 0.10945133625820219
  },
  "average_activation_burden_component_by_state": {
    "breath_focus": 0.07283044897366124,
    "mind_wandering": 0.06788526365330148,
    "meta_awareness": 0.10340241999174021,
    "redirect_attention": 0.05404955281214232
  },
  "average_coupling_burden_component_by_state": {
    "breath_focus": 0.14624999463558197,
    "mind_wandering": 0.10125000402331352,
    "meta_awareness": 0.3487499892711639,
    "redirect_attention": 0.24750000536441802
  },
  "average_action_pred_error_by_state": {
    "breath_focus": 0.03871454345301176,
    "mind_wandering": 0.014699449353954858,
    "meta_awareness": 0.03356273770204758,
    "redirect_attention": 0.042220886806835944
  },
  "ra_reorienting_success_rate": 0.875,
  "average_latent_reconstruction_by_state": {
    "breath_focus": 0.005730061815217293,
    "mind_wandering": 0.0032071914390194756,
    "meta_awareness": 0.003602087549539921,
    "redirect_attention": 0.006565526934181158
  },
  "average_latent_prior_kl_by_state": {
    "breath_focus": 0.03961591501362049,
    "mind_wandering": 0.06387830233822266,
    "meta_awareness": 0.06369863083101299,
    "redirect_attention": 0.04468063473620493
  },
  "average_latent_sensory_consistency_by_state": {
    "breath_focus": 0.031199442464858295,
    "mind_wandering": 0.052851895361931786,
    "meta_awareness": 0.03194027783808439,
    "redirect_attention": 0.039401491162488644
  },
  "average_latent_temporal_consistency_by_state": {
    "breath_focus": 0.008083722349017476,
    "mind_wandering": 0.010519069346547541,
    "meta_awareness": 0.016222425111352582,
    "redirect_attention": 0.012597197190979901
  },
  "average_latent_vfe_total_by_state": {
    "breath_focus": 0.05158099756026879,
    "mind_wandering": 0.07826012272594704,
    "meta_awareness": 0.07489595664282368,
    "redirect_attention": 0.05948274967301151
  },
  "average_prediction_error_by_state": {
    "breath_focus": 0.005547314288515526,
    "mind_wandering": 0.0035540033559300355,
    "meta_awareness": 0.0031082586672161834,
    "redirect_attention": 0.00586696021301854
  },
  "average_precision_by_state": {
    "breath_focus": 0.5178576531082982,
    "mind_wandering": 0.4605595292984126,
    "meta_awareness": 0.49746946808220377,
    "redirect_attention": 0.5167855716818702
  }
}