{
  "l3tol2_precision_min": 0.4,
  "l3tol2_precision_max": 0.6,
  "kl_beta": 0.55,
  "learning_rate": 0.02,
  "average_free_energy_by_state": {
    "breath_focus": 0.06706742427994943,
    "mind_wandering": 0.33296095199932324,
    "meta_awareness": 0.05911332408693385,
    "redirect_breath": 0.06308932165873733
  },
  "average_efe_by_state": {
    "breath_focus": 0.928142267593052,
    "mind_wandering": 0.9202264945614663,
    "meta_awareness": 0.8938634691494672,
    "redirect_breath": 0.938010193919997
  },
  "average_prediction_error_by_state": {
    "breath_focus": 0.004046027621124367,
    "mind_wandering": 0.005727990784694669,
    "meta_awareness": 0.0018629286861399507,
    "redirect_breath": 0.003919692889793411
  },
  "average_precision_by_state": {
    "breath_focus": 0.4861948001055545,
    "mind_wandering": 0.45983368169701505,
    "meta_awareness": 0.49460286133493714,
    "redirect_breath": 0.4998928987615494
  }
}