{
  "l3tol2_precision_range": [
    0.4,
    0.6
  ],
  "kl_beta": 1.0,
  "preference_sharpness": 1.3,
  "learning_rate": 0.01,
  "average_free_energy_by_state": {
    "breath_focus": 0.1803082919437183,
    "mind_wandering": 0.29374779276945523,
    "meta_awareness": 0.11268513075640944,
    "redirect_breath": 0.1149183825040475
  },
  "average_efe_by_state": {
    "breath_focus": 0.94829590939193,
    "mind_wandering": 1.0025711049344619,
    "meta_awareness": 0.9968926851602182,
    "redirect_breath": 1.0860568052235289
  },
  "average_prediction_error_by_state": {
    "breath_focus": 0.008530653222519441,
    "mind_wandering": 0.01387908556778879,
    "meta_awareness": 0.00777172191749846,
    "redirect_breath": 0.006800103594716161
  },
  "average_precision_by_state": {
    "breath_focus": 0.5224331349606969,
    "mind_wandering": 0.4807636908794827,
    "meta_awareness": 0.5088291049847825,
    "redirect_breath": 0.5339037860865418
  }
}