{
  "l3tol2_precision_range": [
    0.4,
    0.6
  ],
  "kl_beta": 0.55,
  "efe_ambiguity_weight": 0.35,
  "efe_cycle_strength": 0.35,
  "efe_gain": 0.35,
  "learning_rate": 0.02,
  "average_free_energy_by_state": {
    "breath_focus": 0.06377996457740664,
    "mind_wandering": 0.3069267114169265,
    "meta_awareness": 0.06474220568980027,
    "redirect_attention": 0.05805800352541227
  },
  "average_efe_by_state": {
    "breath_focus": 0.9639741870673106,
    "mind_wandering": 0.9274180632745528,
    "meta_awareness": 0.8841496871176083,
    "redirect_attention": 0.9506616330943626
  },
  "average_efe_risk_by_state": {
    "breath_focus": 0.05035632014166067,
    "mind_wandering": 0.02945119469368105,
    "meta_awareness": 0.007069953562008642,
    "redirect_attention": 0.023571532343937347
  },
  "average_efe_ambiguity_by_state": {
    "breath_focus": 2.610336762644715,
    "mind_wandering": 2.565619624516777,
    "meta_awareness": 2.5059420958731424,
    "redirect_attention": 2.6488288592869296
  },
  "average_prediction_error_by_state": {
    "breath_focus": 0.003989892927764929,
    "mind_wandering": 0.0052075344541624045,
    "meta_awareness": 0.00241695429454979,
    "redirect_attention": 0.005593741572709636
  },
  "average_precision_by_state": {
    "breath_focus": 0.5125918019452818,
    "mind_wandering": 0.45728964287723683,
    "meta_awareness": 0.5045153752881592,
    "redirect_attention": 0.5192238904875768
  }
}