{
  "l3tol2_precision_min": 0.4,
  "l3tol2_precision_max": 0.6,
  "kl_beta": 0.7,
  "learning_rate": 0.02,
  "average_free_energy_by_state": {
    "breath_focus": 0.40761484895179523,
    "mind_wandering": 1.330156176704449,
    "meta_awareness": 0.35447497950659856,
    "redirect_breath": 0.39839919021383663
  },
  "average_efe_by_state": {
    "breath_focus": 0.927377509137457,
    "mind_wandering": 0.9199737441003931,
    "meta_awareness": 0.8875598594046596,
    "redirect_breath": 0.9371977097313343
  },
  "average_prediction_error_by_state": {
    "breath_focus": 0.014540919476139039,
    "mind_wandering": 0.021885795549069043,
    "meta_awareness": 0.008224643358909007,
    "redirect_breath": 0.015504029859048238
  },
  "average_precision_by_state": {
    "breath_focus": 0.48893328411015086,
    "mind_wandering": 0.4652538921052663,
    "meta_awareness": 0.5022719406874339,
    "redirect_breath": 0.5048244858200883
  }
}