{
  "precision_weight": null,
  "complexity_penalty": null,
  "learning_rate": 0.01,
  "average_free_energy_by_state": {
    "breath_focus": 0.34321577799816927,
    "mind_wandering": 0.3696883315330637,
    "meta_awareness": 0.29582895546713295,
    "redirect_breath": 0.21008551771796885
  },
  "average_prediction_error_by_state": {
    "breath_focus": 0.03280374064308557,
    "mind_wandering": 0.0689738172862418,
    "meta_awareness": 0.10303965712185292,
    "redirect_breath": 0.030347206094856596
  },
  "average_precision_by_state": {
    "breath_focus": 0.7031197213100242,
    "mind_wandering": 0.6117614168978349,
    "meta_awareness": 0.767982639252683,
    "redirect_breath": 0.7510696862065183
  },
  "network_expectations": {}
}