{
  "l3tol2_precision_range": [
    0.4,
    0.6
  ],
  "kl_beta": 0.55,
  "l2_vi_steps": 2,
  "l2_vi_lr": 0.24,
  "l2_vi_obs_weight": 1.0,
  "l2_vi_prior_weight": 1.0,
  "l2_vi_sensory_weight": 0.35,
  "l2_vi_temporal_weight": 0.12,
  "l2_vi_grad_clip": 5.0,
  "efe_ambiguity_weight": 0.35,
  "efe_cycle_strength": 0.35,
  "efe_gain": 0.35,
  "policy_horizon": 1,
  "policy_temperature": 1.0,
  "policy_temperature_by_state": {
    "breath_focus": 1.05,
    "mind_wandering": 0.95,
    "meta_awareness": 0.85,
    "redirect_attention": 0.9
  },
  "policy_horizon_discount": 0.6,
  "learning_rate": 0.02,
  "average_free_energy_by_state": {
    "breath_focus": 0.06670684142372547,
    "mind_wandering": 0.07144427515255908,
    "meta_awareness": 0.09182683041650955,
    "redirect_attention": 0.06238938637239778
  },
  "average_efe_by_state": {
    "breath_focus": 7.019290869000307,
    "mind_wandering": 5.508660332143364,
    "meta_awareness": 2.3276922699979212,
    "redirect_attention": 5.260942472811793
  },
  "average_efe_risk_by_state": {
    "breath_focus": 6.109961827346724,
    "mind_wandering": 4.610574555501133,
    "meta_awareness": 1.453269186447702,
    "redirect_attention": 4.331293666537067
  },
  "average_efe_ambiguity_by_state": {
    "breath_focus": 2.5980829761531026,
    "mind_wandering": 2.565959361834946,
    "meta_awareness": 2.49835166728634,
    "redirect_attention": 2.656139446499219
  },
  "average_policy_confidence_by_state": {
    "breath_focus": 0.7144548061144882,
    "mind_wandering": 0.963421477090806,
    "meta_awareness": 0.9999175594378846,
    "redirect_attention": 0.95832281267988
  },
  "average_policy_entropy_by_state": {
    "breath_focus": 0.7284592184107327,
    "mind_wandering": 0.17844875610001035,
    "meta_awareness": 0.0008948152787326847,
    "redirect_attention": 0.17943388601249213
  },
  "average_mw_burden_by_state": {
    "breath_focus": 0.0013886872099107086,
    "mind_wandering": 0.11019661247937,
    "meta_awareness": 0.050258982334323146,
    "redirect_attention": 0.015352724484695409
  },
  "average_transition_hazard_by_state": {
    "breath_focus": 0.013616522919482036,
    "mind_wandering": 0.015508517158344268,
    "meta_awareness": 0.12953486584677287,
    "redirect_attention": 0.10945359684421632
  },
  "average_activation_burden_component_by_state": {
    "breath_focus": 0.07335277316257513,
    "mind_wandering": 0.0688834719171104,
    "meta_awareness": 0.11224463278591579,
    "redirect_attention": 0.05169373206191939
  },
  "average_coupling_burden_component_by_state": {
    "breath_focus": 0.14624999463558197,
    "mind_wandering": 0.10125000402331352,
    "meta_awareness": 0.3487499892711639,
    "redirect_attention": 0.24750000536441802
  },
  "ra_reorienting_success_rate": 0.875,
  "average_latent_reconstruction_by_state": {
    "breath_focus": 0.005509094956960792,
    "mind_wandering": 0.00336689872677501,
    "meta_awareness": 0.0031719406188006373,
    "redirect_attention": 0.006771314384304392
  },
  "average_latent_prior_kl_by_state": {
    "breath_focus": 0.03968975304602048,
    "mind_wandering": 0.06386366696096957,
    "meta_awareness": 0.06361959313284861,
    "redirect_attention": 0.044745006274593914
  },
  "average_latent_sensory_consistency_by_state": {
    "breath_focus": 0.031178684822068765,
    "mind_wandering": 0.052813956454499725,
    "meta_awareness": 0.03195343104714196,
    "redirect_attention": 0.03936837920311676
  },
  "average_latent_temporal_consistency_by_state": {
    "breath_focus": 0.008082315353915478,
    "mind_wandering": 0.010504872153332043,
    "meta_awareness": 0.016216476852941798,
    "redirect_attention": 0.012588831644161079
  },
  "average_latent_vfe_total_by_state": {
    "breath_focus": 0.05143029872423563,
    "mind_wandering": 0.07839663194285498,
    "meta_awareness": 0.07438835448087895,
    "redirect_attention": 0.05974650680613906
  },
  "average_prediction_error_by_state": {
    "breath_focus": 0.005330851501524031,
    "mind_wandering": 0.0037487655000909906,
    "meta_awareness": 0.0027748394820501085,
    "redirect_attention": 0.006082878013172455
  },
  "average_precision_by_state": {
    "breath_focus": 0.5178479752186375,
    "mind_wandering": 0.4605417624464216,
    "meta_awareness": 0.4974391530909048,
    "redirect_attention": 0.5167640934378884
  }
}