{
  "l3tol2_precision_min": 0.4,
  "l3tol2_precision_max": 0.6,
  "kl_beta": 1.0,
  "learning_rate": 0.01,
  "average_free_energy_by_state": {
    "breath_focus": 0.19934130702453334,
    "mind_wandering": 0.2210599868055252,
    "meta_awareness": 0.15373732621862193,
    "redirect_breath": 0.15434706728290587
  },
  "average_efe_by_state": {
    "breath_focus": 0.9551086760232107,
    "mind_wandering": 1.0383627916041407,
    "meta_awareness": 1.0042747194332724,
    "redirect_breath": 1.0804664657906915
  },
  "average_prediction_error_by_state": {
    "breath_focus": 0.006439446537474605,
    "mind_wandering": 0.009372875457220648,
    "meta_awareness": 0.00771395970795003,
    "redirect_breath": 0.005133424193860547
  },
  "average_precision_by_state": {
    "breath_focus": 0.489262395841301,
    "mind_wandering": 0.4582370748083582,
    "meta_awareness": 0.49222214363470335,
    "redirect_breath": 0.5061752791163967
  }
}