{
  "l3tol2_precision_range": [
    0.4,
    0.6
  ],
  "kl_beta": 0.55,
  "learning_rate": 0.02,
  "average_free_energy_by_state": {
    "breath_focus": 0.06380052091906915,
    "mind_wandering": 0.3069821532562606,
    "meta_awareness": 0.06472627656761877,
    "redirect_attention": 0.05799250644705598
  },
  "average_efe_by_state": {
    "breath_focus": 0.9639741275869368,
    "mind_wandering": 0.9274178496067945,
    "meta_awareness": 0.8841496733854629,
    "redirect_attention": 0.9506616599096511
  },
  "average_prediction_error_by_state": {
    "breath_focus": 0.004014490006006156,
    "mind_wandering": 0.005272371067481806,
    "meta_awareness": 0.002386293674258692,
    "redirect_attention": 0.005518421143134464
  },
  "average_precision_by_state": {
    "breath_focus": 0.5125915985143601,
    "mind_wandering": 0.45729034493750464,
    "meta_awareness": 0.5045156344306102,
    "redirect_attention": 0.5192249818776475
  }
}