{
  "precision_weight": 0.4,
  "complexity_penalty": 0.4,
  "learning_rate": 0.01,
  "average_free_energy_by_state": {
    "breath_focus": 2.500075861319675,
    "mind_wandering": 2.5331521461438014,
    "meta_awareness": 3.0036439584022574,
    "redirect_breath": 2.0293174055366214
  },
  "average_prediction_error_by_state": {
    "breath_focus": 0.9300213440383053,
    "mind_wandering": 1.7350420001932907,
    "meta_awareness": 1.9860273282524792,
    "redirect_breath": 0.7743610814852502
  },
  "average_precision_by_state": {
    "breath_focus": 0.7012135999291237,
    "mind_wandering": 0.6092499154852492,
    "meta_awareness": 0.7638660571172098,
    "redirect_breath": 0.7270999342452608
  },
  "network_expectations": {
    "breath_focus": {
      "DMN": 0.5330234613423964,
      "VAN": 0.5080986641084358,
      "DAN": 0.595455746504214,
      "FPN": 0.6559047987421656
    },
    "mind_wandering": {
      "DMN": 0.61608854126181,
      "VAN": 0.4624395736274432,
      "DAN": 0.36859943799082756,
      "FPN": 0.43806778092061077
    },
    "meta_awareness": {
      "DMN": 0.4999156730389691,
      "VAN": 0.613782225687066,
      "DAN": 0.511647281795223,
      "FPN": 0.5767504607911154
    },
    "redirect_breath": {
      "DMN": 0.4525987054659985,
      "VAN": 0.5033994802508507,
      "DAN": 0.6121557701137883,
      "FPN": 0.6286966367342598
    }
  }
}