{
  "l3tol2_precision_range": [
    0.4,
    0.6
  ],
  "kl_beta": 1.0,
  "learning_rate": 0.01,
  "average_free_energy_by_state": {
    "breath_focus": 0.14549553080940167,
    "mind_wandering": 0.21374623990498434,
    "meta_awareness": 0.09680106105363888,
    "redirect_attention": 0.09892148228242384
  },
  "average_efe_by_state": {
    "breath_focus": 0.9538584758493321,
    "mind_wandering": 1.0222935006373628,
    "meta_awareness": 1.0087044703350732,
    "redirect_attention": 1.08506237081185
  },
  "average_prediction_error_by_state": {
    "breath_focus": 0.008791079984803218,
    "mind_wandering": 0.017695202823384007,
    "meta_awareness": 0.007974829136535687,
    "redirect_attention": 0.006528133588566646
  },
  "average_precision_by_state": {
    "breath_focus": 0.5137719190550408,
    "mind_wandering": 0.466269330424432,
    "meta_awareness": 0.5049446641199766,
    "redirect_attention": 0.5288462773053179
  }
}