{
  "l3tol2_precision_range": [
    0.4,
    0.6
  ],
  "kl_beta": 1.0,
  "l2_vi_steps": 2,
  "l2_vi_lr": 0.24,
  "l2_vi_obs_weight": 1.0,
  "l2_vi_prior_weight": 1.0,
  "l2_vi_sensory_weight": 0.35,
  "l2_vi_temporal_weight": 0.12,
  "l2_vi_grad_clip": 5.0,
  "efe_ambiguity_weight": 0.4,
  "efe_cycle_strength": 0.35,
  "efe_gain": 0.35,
  "policy_horizon": 1,
  "policy_temperature": 1.0,
  "policy_temperature_by_state": {
    "breath_focus": 1.8,
    "mind_wandering": 1.15,
    "meta_awareness": 0.95,
    "redirect_attention": 1.0
  },
  "policy_horizon_discount": 0.6,
  "learning_rate": 0.01,
  "average_free_energy_by_state": {
    "breath_focus": 0.28840725222150326,
    "mind_wandering": 0.4383984228665057,
    "meta_awareness": 0.24287657760315562,
    "redirect_attention": 0.2864151696814271
  },
  "average_efe_by_state": {
    "breath_focus": 1.96313535105094,
    "mind_wandering": 4.24398402417384,
    "meta_awareness": 3.0340941506167036,
    "redirect_attention": 2.1954464904551534
  },
  "average_efe_risk_by_state": {
    "breath_focus": 1.0145518473615256,
    "mind_wandering": 3.2434249560247115,
    "meta_awareness": 2.0387554574885907,
    "redirect_attention": 1.111713596261257
  },
  "average_efe_ambiguity_by_state": {
    "breath_focus": 2.371458759223536,
    "mind_wandering": 2.501397670372821,
    "meta_awareness": 2.4883467328202835,
    "redirect_attention": 2.7093322354847382
  },
  "average_policy_confidence_by_state": {
    "breath_focus": 0.9907479809095732,
    "mind_wandering": 0.9886741269536191,
    "meta_awareness": 0.9993992199426985,
    "redirect_attention": 0.999813866726718
  },
  "average_policy_entropy_by_state": {
    "breath_focus": 0.058795379509555615,
    "mind_wandering": 0.06978868795811269,
    "meta_awareness": 0.0054104962115447556,
    "redirect_attention": 0.0019126671183780709
  },
  "average_mw_burden_by_state": {
    "breath_focus": 0.029216039477811418,
    "mind_wandering": 0.31083744284446124,
    "meta_awareness": 0.21627796803942162,
    "redirect_attention": 0.08091300063397355
  },
  "average_transition_hazard_by_state": {
    "breath_focus": 0.028217363167740272,
    "mind_wandering": 0.0037982433474907248,
    "meta_awareness": 0.09987863414809126,
    "redirect_attention": 0.05349023514680031
  },
  "average_activation_burden_component_by_state": {
    "breath_focus": 0.7944457171942034,
    "mind_wandering": 0.33554518452022236,
    "meta_awareness": 1.1635330886785549,
    "redirect_attention": 0.8764991941284861
  },
  "average_coupling_burden_component_by_state": {
    "breath_focus": 0.24374999105930328,
    "mind_wandering": 0.16875000670552254,
    "meta_awareness": 0.46875,
    "redirect_attention": 0.4125000089406967
  },
  "average_action_pred_error_by_state": {
    "breath_focus": 0.009420320929864874,
    "mind_wandering": 0.005154232433027802,
    "meta_awareness": 0.009038594888146092,
    "redirect_attention": 0.014632994234754773
  },
  "ra_reorienting_success_rate": 0.8928571428571429,
  "average_latent_reconstruction_by_state": {
    "breath_focus": 0.012320454804138535,
    "mind_wandering": 0.005832980616363427,
    "meta_awareness": 0.009784296422975304,
    "redirect_attention": 0.01642777765294479
  },
  "average_latent_prior_kl_by_state": {
    "breath_focus": 0.07185087306822072,
    "mind_wandering": 0.1087407770828912,
    "meta_awareness": 0.08492013675958443,
    "redirect_attention": 0.025395933569625606
  },
  "average_latent_sensory_consistency_by_state": {
    "breath_focus": 0.030758149889067467,
    "mind_wandering": 0.055790387193606114,
    "meta_awareness": 0.03811192594680315,
    "redirect_attention": 0.009387616457113732
  },
  "average_latent_temporal_consistency_by_state": {
    "breath_focus": 0.0073484750142910815,
    "mind_wandering": 0.0078021914554099675,
    "meta_awareness": 0.010620056471317321,
    "redirect_attention": 0.008700539174837634
  },
  "average_latent_vfe_total_by_state": {
    "breath_focus": 0.0901507170062942,
    "mind_wandering": 0.12555409889375765,
    "meta_awareness": 0.10252423445329938,
    "redirect_attention": 0.044391675048469297
  },
  "average_prediction_error_by_state": {
    "breath_focus": 0.011624145218038284,
    "mind_wandering": 0.005714503000812303,
    "meta_awareness": 0.010225946336383811,
    "redirect_attention": 0.015605321460863537
  },
  "average_precision_by_state": {
    "breath_focus": 0.5248837247896995,
    "mind_wandering": 0.48470767585692304,
    "meta_awareness": 0.5187430803708715,
    "redirect_attention": 0.5383441414638551
  }
}