{
  "l3tol2_precision_range": [
    0.4,
    0.6
  ],
  "kl_beta": 0.55,
  "l2_vi_steps": 2,
  "l2_vi_lr": 0.24,
  "l2_vi_obs_weight": 1.0,
  "l2_vi_prior_weight": 1.0,
  "l2_vi_sensory_weight": 0.35,
  "l2_vi_temporal_weight": 0.12,
  "l2_vi_grad_clip": 5.0,
  "efe_ambiguity_weight": 0.35,
  "efe_cycle_strength": 0.35,
  "efe_gain": 0.35,
  "policy_horizon": 1,
  "policy_temperature": 1.0,
  "policy_temperature_by_state": {
    "breath_focus": 1.05,
    "mind_wandering": 0.95,
    "meta_awareness": 0.85,
    "redirect_attention": 0.9
  },
  "policy_horizon_discount": 0.6,
  "learning_rate": 0.02,
  "average_free_energy_by_state": {
    "breath_focus": 0.18256020653990518,
    "mind_wandering": 0.14582022868304195,
    "meta_awareness": 0.07835955146770432,
    "redirect_attention": 0.12979890649463305
  },
  "average_efe_by_state": {
    "breath_focus": 7.01759092080194,
    "mind_wandering": 5.508660332143364,
    "meta_awareness": 2.327692269997921,
    "redirect_attention": 5.260942472811793
  },
  "average_efe_risk_by_state": {
    "breath_focus": 6.1082618980251135,
    "mind_wandering": 4.610574555501134,
    "meta_awareness": 1.453269186447702,
    "redirect_attention": 4.331293666537067
  },
  "average_efe_ambiguity_by_state": {
    "breath_focus": 2.5980829222195116,
    "mind_wandering": 2.565959361834946,
    "meta_awareness": 2.49835166728634,
    "redirect_attention": 2.656139446499219
  },
  "average_policy_confidence_by_state": {
    "breath_focus": 0.7143843198316122,
    "mind_wandering": 0.963421477090806,
    "meta_awareness": 0.9999175594378846,
    "redirect_attention": 0.95832281267988
  },
  "average_policy_entropy_by_state": {
    "breath_focus": 0.7285955715093262,
    "mind_wandering": 0.17844875610001038,
    "meta_awareness": 0.0008948152787326847,
    "redirect_attention": 0.17943388601249213
  },
  "average_mw_burden_by_state": {
    "breath_focus": 0.0019550553128795563,
    "mind_wandering": 0.13014881104922055,
    "meta_awareness": 0.045394334850810965,
    "redirect_attention": 0.020141099853071342
  },
  "average_transition_hazard_by_state": {
    "breath_focus": 0.014085480903401074,
    "mind_wandering": 0.012828443602813454,
    "meta_awareness": 0.12452360972740507,
    "redirect_attention": 0.10893939529372106
  },
  "average_activation_burden_component_by_state": {
    "breath_focus": 0.07151292486919283,
    "mind_wandering": 0.09367018051078708,
    "meta_awareness": 0.16181918911820933,
    "redirect_attention": 0.06877097437787558
  },
  "average_coupling_burden_component_by_state": {
    "breath_focus": 0.14624999463558197,
    "mind_wandering": 0.10125000402331352,
    "meta_awareness": 0.34874998927116396,
    "redirect_attention": 0.24750000536441805
  },
  "average_action_pred_error_by_state": {
    "breath_focus": 0.0025354826003057595,
    "mind_wandering": 0.00296441520378503,
    "meta_awareness": 0.003065888333696661,
    "redirect_attention": 0.0021529536119329184
  },
  "ra_reorienting_success_rate": 0.8095238095238095,
  "average_latent_reconstruction_by_state": {
    "breath_focus": 0.002135889071461642,
    "mind_wandering": 0.0027521996452938616,
    "meta_awareness": 0.003139974294397277,
    "redirect_attention": 0.0018883445676633238
  },
  "average_latent_prior_kl_by_state": {
    "breath_focus": 0.04482951130773789,
    "mind_wandering": 0.14585658424814651,
    "meta_awareness": 0.1646621803348919,
    "redirect_attention": 0.03525793626556871
  },
  "average_latent_sensory_consistency_by_state": {
    "breath_focus": 0.019661118967489472,
    "mind_wandering": 0.09079869304426227,
    "meta_awareness": 0.06689877429941915,
    "redirect_attention": 0.013195055533304788
  },
  "average_latent_temporal_consistency_by_state": {
    "breath_focus": 0.00716269498862655,
    "mind_wandering": 0.007420498961915004,
    "meta_awareness": 0.014178361739295552,
    "redirect_attention": 0.01035595201042772
  },
  "average_latent_vfe_total_by_state": {
    "breath_focus": 0.05101064674394802,
    "mind_wandering": 0.1658368785852827,
    "meta_awareness": 0.18095932437001533,
    "redirect_attention": 0.04058749946543996
  },
  "average_prediction_error_by_state": {
    "breath_focus": 0.0021315542846695496,
    "mind_wandering": 0.002721533490095737,
    "meta_awareness": 0.003139970718456305,
    "redirect_attention": 0.001878263900216892
  },
  "average_precision_by_state": {
    "breath_focus": 0.5370331056979295,
    "mind_wandering": 0.48155127935823533,
    "meta_awareness": 0.5151078708944042,
    "redirect_attention": 0.5267227754813057
  }
}