{
  "l3tol2_precision_range": [
    0.4,
    0.6
  ],
  "kl_beta": 1.0,
  "l2_vi_steps": 2,
  "l2_vi_lr": 0.24,
  "l2_vi_obs_weight": 1.0,
  "l2_vi_prior_weight": 1.0,
  "l2_vi_sensory_weight": 0.35,
  "l2_vi_temporal_weight": 0.12,
  "l2_vi_grad_clip": 5.0,
  "efe_ambiguity_weight": 0.4,
  "efe_cycle_strength": 0.35,
  "efe_gain": 0.35,
  "policy_horizon": 1,
  "policy_temperature": 1.0,
  "policy_temperature_by_state": {
    "breath_focus": 1.8,
    "mind_wandering": 1.15,
    "meta_awareness": 0.95,
    "redirect_attention": 1.0
  },
  "policy_horizon_discount": 0.6,
  "learning_rate": 0.01,
  "average_free_energy_by_state": {
    "breath_focus": 0.2810453023759393,
    "mind_wandering": 0.4501936422781764,
    "meta_awareness": 0.23989098744010026,
    "redirect_attention": 0.29007142001888664
  },
  "average_efe_by_state": {
    "breath_focus": 1.96313535105094,
    "mind_wandering": 4.24398402417384,
    "meta_awareness": 3.034094150616703,
    "redirect_attention": 2.1954464904551534
  },
  "average_efe_risk_by_state": {
    "breath_focus": 1.0145518473615256,
    "mind_wandering": 3.2434249560247115,
    "meta_awareness": 2.0387554574885907,
    "redirect_attention": 1.111713596261257
  },
  "average_efe_ambiguity_by_state": {
    "breath_focus": 2.371458759223536,
    "mind_wandering": 2.501397670372821,
    "meta_awareness": 2.4883467328202835,
    "redirect_attention": 2.7093322354847382
  },
  "average_policy_confidence_by_state": {
    "breath_focus": 0.9907479809095732,
    "mind_wandering": 0.9886741269536188,
    "meta_awareness": 0.9993992199426985,
    "redirect_attention": 0.999813866726718
  },
  "average_policy_entropy_by_state": {
    "breath_focus": 0.058795379509555615,
    "mind_wandering": 0.06978868795811269,
    "meta_awareness": 0.005410496211544755,
    "redirect_attention": 0.0019126671183780709
  },
  "average_mw_burden_by_state": {
    "breath_focus": 0.028610873928912147,
    "mind_wandering": 0.3078219332339835,
    "meta_awareness": 0.21469241784906734,
    "redirect_attention": 0.0795181086736691
  },
  "average_transition_hazard_by_state": {
    "breath_focus": 0.028163413743916666,
    "mind_wandering": 0.0035098522745068174,
    "meta_awareness": 0.10027534874521539,
    "redirect_attention": 0.053463887954582894
  },
  "average_activation_burden_component_by_state": {
    "breath_focus": 0.7730182109833399,
    "mind_wandering": 0.33073246327199135,
    "meta_awareness": 1.1095233968338614,
    "redirect_attention": 0.8762904462176057
  },
  "average_coupling_burden_component_by_state": {
    "breath_focus": 0.24374999105930328,
    "mind_wandering": 0.16875000670552254,
    "meta_awareness": 0.46875,
    "redirect_attention": 0.4125000089406967
  },
  "average_action_pred_error_by_state": {
    "breath_focus": 0.008610502127504137,
    "mind_wandering": 0.005112069318127023,
    "meta_awareness": 0.00821431279053781,
    "redirect_attention": 0.014126536304254013
  },
  "ra_reorienting_success_rate": 0.8928571428571429,
  "average_latent_reconstruction_by_state": {
    "breath_focus": 0.012086483778204609,
    "mind_wandering": 0.005808263883810588,
    "meta_awareness": 0.009249785017740543,
    "redirect_attention": 0.017305236677301546
  },
  "average_latent_prior_kl_by_state": {
    "breath_focus": 0.07384871326348807,
    "mind_wandering": 0.10946419615100392,
    "meta_awareness": 0.0840548054689185,
    "redirect_attention": 0.027169990212603096
  },
  "average_latent_sensory_consistency_by_state": {
    "breath_focus": 0.03091696422121415,
    "mind_wandering": 0.05362451291659402,
    "meta_awareness": 0.038788492035753325,
    "redirect_attention": 0.009337356504923237
  },
  "average_latent_temporal_consistency_by_state": {
    "breath_focus": 0.007781772283152077,
    "mind_wandering": 0.007556555794550251,
    "meta_awareness": 0.010033306750441296,
    "redirect_attention": 0.00916706936101899
  },
  "average_latent_vfe_total_by_state": {
    "breath_focus": 0.09198974862254228,
    "mind_wandering": 0.12582428756353492,
    "meta_awareness": 0.1011637357588245,
    "redirect_attention": 0.047091469491296424
  },
  "average_prediction_error_by_state": {
    "breath_focus": 0.011275407216746318,
    "mind_wandering": 0.005686625264351383,
    "meta_awareness": 0.009648303252984042,
    "redirect_attention": 0.015899649708382205
  },
  "average_precision_by_state": {
    "breath_focus": 0.5251792437663622,
    "mind_wandering": 0.48536670775468327,
    "meta_awareness": 0.5192356546386794,
    "redirect_attention": 0.5381535976608753
  }
}