{
  "seeds": [
    42,
    43,
    44
  ],
  "timesteps": 3000,
  "experience_level": "expert",
  "network_profiles_mean": {
    "breath_focus": {
      "DMN": 0.293600529024439,
      "VAN": 0.46008469896401455,
      "DAN": 0.6080077597576579,
      "FPN": 0.45969812637304486
    },
    "mind_wandering": {
      "DMN": 0.4706373073904198,
      "VAN": 0.5339507190478385,
      "DAN": 0.4238979307001883,
      "FPN": 0.5386302078848485
    },
    "meta_awareness": {
      "DMN": 0.3971577077264437,
      "VAN": 0.6623066270516414,
      "DAN": 0.4865277118817883,
      "FPN": 0.5708087192798882
    },
    "redirect_breath": {
      "DMN": 0.40661981632332916,
      "VAN": 0.5461879603676665,
      "DAN": 0.5842154541873308,
      "FPN": 0.4904029764314728
    }
  },
  "network_profiles_std": {
    "breath_focus": {
      "DMN": 0.08396452277472861,
      "VAN": 0.006853509921876916,
      "DAN": 0.08689404767736149,
      "FPN": 0.08651016754720002
    },
    "mind_wandering": {
      "DMN": 0.0020402139685894586,
      "VAN": 0.012583796439855148,
      "DAN": 0.028685095788803336,
      "FPN": 0.019756094509637962
    },
    "meta_awareness": {
      "DMN": 0.0034928336662814045,
      "VAN": 0.008717930678152025,
      "DAN": 0.009353110520897134,
      "FPN": 0.006737018261756258
    },
    "redirect_breath": {
      "DMN": 0.008767444255638645,
      "VAN": 0.011631085278181063,
      "DAN": 0.006295379455820825,
      "FPN": 0.0033646202243333063
    }
  },
  "convergence_metrics": {
    "mean_std_across_seeds": 0.024102929435569596,
    "max_std_across_seeds": 0.08689404767736149
  }
}