{
  "seeds": [
    42
  ],
  "timesteps": 5000,
  "experience_level": "expert",
  "network_profiles_mean": {
    "breath_focus": {
      "DMN": 0.3955944781918402,
      "VAN": 0.45506729818665226,
      "DAN": 0.6024567159269586,
      "FPN": 0.6558634033265142
    },
    "mind_wandering": {
      "DMN": 0.5763951677052095,
      "VAN": 0.4754868005969591,
      "DAN": 0.4430903968220301,
      "FPN": 0.5101445376058455
    },
    "meta_awareness": {
      "DMN": 0.5589855286411773,
      "VAN": 0.5314384550976574,
      "DAN": 0.4328288326137944,
      "FPN": 0.4692835544509099
    },
    "redirect_breath": {
      "DMN": 0.42553959318268847,
      "VAN": 0.5321946741203537,
      "DAN": 0.5992151967417646,
      "FPN": 0.6341044431019166
    }
  },
  "network_profiles_std": {
    "breath_focus": {
      "DMN": 0.0,
      "VAN": 0.0,
      "DAN": 0.0,
      "FPN": 0.0
    },
    "mind_wandering": {
      "DMN": 0.0,
      "VAN": 0.0,
      "DAN": 0.0,
      "FPN": 0.0
    },
    "meta_awareness": {
      "DMN": 0.0,
      "VAN": 0.0,
      "DAN": 0.0,
      "FPN": 0.0
    },
    "redirect_breath": {
      "DMN": 0.0,
      "VAN": 0.0,
      "DAN": 0.0,
      "FPN": 0.0
    }
  },
  "convergence_metrics": {
    "mean_std_across_seeds": 0.0,
    "max_std_across_seeds": 0.0
  }
}