{
  "seeds": [
    42
  ],
  "timesteps": 5000,
  "experience_level": "novice",
  "network_profiles_mean": {
    "breath_focus": {
      "DMN": 0.5157040559080383,
      "VAN": 0.4909462519772411,
      "DAN": 0.534447363991537,
      "FPN": 0.527827479390605
    },
    "mind_wandering": {
      "DMN": 0.7337593943349733,
      "VAN": 0.3925294713205438,
      "DAN": 0.3543860977757908,
      "FPN": 0.402949878942955
    },
    "meta_awareness": {
      "DMN": 0.5381649110906868,
      "VAN": 0.5983605492713203,
      "DAN": 0.4062698901126889,
      "FPN": 0.4043878873402927
    },
    "redirect_breath": {
      "DMN": 0.44723428793855613,
      "VAN": 0.5404131545408352,
      "DAN": 0.6217220699464953,
      "FPN": 0.6555147377220361
    }
  },
  "network_profiles_std": {
    "breath_focus": {
      "DMN": 0.0,
      "VAN": 0.0,
      "DAN": 0.0,
      "FPN": 0.0
    },
    "mind_wandering": {
      "DMN": 0.0,
      "VAN": 0.0,
      "DAN": 0.0,
      "FPN": 0.0
    },
    "meta_awareness": {
      "DMN": 0.0,
      "VAN": 0.0,
      "DAN": 0.0,
      "FPN": 0.0
    },
    "redirect_breath": {
      "DMN": 0.0,
      "VAN": 0.0,
      "DAN": 0.0,
      "FPN": 0.0
    }
  },
  "convergence_metrics": {
    "mean_std_across_seeds": 0.0,
    "max_std_across_seeds": 0.0
  }
}