{
  "seeds": [
    42
  ],
  "timesteps": 5000,
  "experience_level": "expert",
  "network_profiles_mean": {
    "breath_focus": {
      "DMN": 0.40685263356388646,
      "VAN": 0.48155448188607397,
      "DAN": 0.5791967766093015,
      "FPN": 0.6325707021644286
    },
    "mind_wandering": {
      "DMN": 0.5803063346023297,
      "VAN": 0.45430498386024915,
      "DAN": 0.45703283660787636,
      "FPN": 0.5302414285992878
    },
    "meta_awareness": {
      "DMN": 0.45409622273984407,
      "VAN": 0.5463796159518617,
      "DAN": 0.525267634718191,
      "FPN": 0.5725606640889531
    },
    "redirect_breath": {
      "DMN": 0.38752476836179756,
      "VAN": 0.5217038617505656,
      "DAN": 0.6050320466617485,
      "FPN": 0.6662562035895013
    }
  },
  "network_profiles_std": {
    "breath_focus": {
      "DMN": 0.0,
      "VAN": 0.0,
      "DAN": 0.0,
      "FPN": 0.0
    },
    "mind_wandering": {
      "DMN": 0.0,
      "VAN": 0.0,
      "DAN": 0.0,
      "FPN": 0.0
    },
    "meta_awareness": {
      "DMN": 0.0,
      "VAN": 0.0,
      "DAN": 0.0,
      "FPN": 0.0
    },
    "redirect_breath": {
      "DMN": 0.0,
      "VAN": 0.0,
      "DAN": 0.0,
      "FPN": 0.0
    }
  },
  "convergence_metrics": {
    "mean_std_across_seeds": 0.0,
    "max_std_across_seeds": 0.0
  }
}