{
  "seeds": [
    42
  ],
  "timesteps": 5000,
  "experience_level": "novice",
  "network_profiles_mean": {
    "breath_focus": {
      "DMN": 0.5724065994515138,
      "VAN": 0.5089430827189256,
      "DAN": 0.5099006310185009,
      "FPN": 0.5536641010307373
    },
    "mind_wandering": {
      "DMN": 0.790981638217131,
      "VAN": 0.34977399330347453,
      "DAN": 0.31921597389997564,
      "FPN": 0.3358901028117073
    },
    "meta_awareness": {
      "DMN": 0.5787083727286505,
      "VAN": 0.5116120585116091,
      "DAN": 0.40310179147522157,
      "FPN": 0.3801641827941842
    },
    "redirect_breath": {
      "DMN": 0.4831692870292399,
      "VAN": 0.5699579069183932,
      "DAN": 0.554560752130217,
      "FPN": 0.5901043713920646
    }
  },
  "network_profiles_std": {
    "breath_focus": {
      "DMN": 0.0,
      "VAN": 0.0,
      "DAN": 0.0,
      "FPN": 0.0
    },
    "mind_wandering": {
      "DMN": 0.0,
      "VAN": 0.0,
      "DAN": 0.0,
      "FPN": 0.0
    },
    "meta_awareness": {
      "DMN": 0.0,
      "VAN": 0.0,
      "DAN": 0.0,
      "FPN": 0.0
    },
    "redirect_breath": {
      "DMN": 0.0,
      "VAN": 0.0,
      "DAN": 0.0,
      "FPN": 0.0
    }
  },
  "convergence_metrics": {
    "mean_std_across_seeds": 0.0,
    "max_std_across_seeds": 0.0
  }
}