{
  "seeds": [
    42,
    43,
    44
  ],
  "timesteps": 3000,
  "experience_level": "novice",
  "network_profiles_mean": {
    "breath_focus": {
      "DMN": 0.5643778038065105,
      "VAN": 0.48333831994251936,
      "DAN": 0.5762699033075821,
      "FPN": 0.6301832386344691
    },
    "mind_wandering": {
      "DMN": 0.626616239897815,
      "VAN": 0.38637221138220407,
      "DAN": 0.4674318773926906,
      "FPN": 0.528945084127251
    },
    "meta_awareness": {
      "DMN": 0.5196717774017202,
      "VAN": 0.554459718434618,
      "DAN": 0.5009914299105575,
      "FPN": 0.5215356984234396
    },
    "redirect_breath": {
      "DMN": 0.5213210776304563,
      "VAN": 0.5038101693076292,
      "DAN": 0.5737224861990595,
      "FPN": 0.6251117460108025
    }
  },
  "network_profiles_std": {
    "breath_focus": {
      "DMN": 0.001931469815734774,
      "VAN": 0.010850354115793617,
      "DAN": 0.01145696185791449,
      "FPN": 0.013578972814928052
    },
    "mind_wandering": {
      "DMN": 0.03645257909969689,
      "VAN": 0.015212741199062029,
      "DAN": 0.046058280692286784,
      "FPN": 0.02950884195138509
    },
    "meta_awareness": {
      "DMN": 0.027015681962531256,
      "VAN": 0.026177884216373674,
      "DAN": 0.052774021517424566,
      "FPN": 0.02995329206759582
    },
    "redirect_breath": {
      "DMN": 0.018247013555783658,
      "VAN": 0.03469571773809539,
      "DAN": 0.02596755641985644,
      "FPN": 0.024649401684856857
    }
  },
  "convergence_metrics": {
    "mean_std_across_seeds": 0.025283173169332464,
    "max_std_across_seeds": 0.052774021517424566
  }
}