{
  "seeds": [
    42
  ],
  "timesteps": 5000,
  "experience_level": "novice",
  "network_profiles_mean": {
    "breath_focus": {
      "DMN": 0.4592049641911906,
      "VAN": 0.49747756980398644,
      "DAN": 0.5727122723118081,
      "FPN": 0.5569694683909542
    },
    "mind_wandering": {
      "DMN": 0.7532827114368358,
      "VAN": 0.35139528249004265,
      "DAN": 0.3410556114074297,
      "FPN": 0.359434117944684
    },
    "meta_awareness": {
      "DMN": 0.5491960643437402,
      "VAN": 0.5113307005115624,
      "DAN": 0.4169646335187657,
      "FPN": 0.4002371896058321
    },
    "redirect_attention": {
      "DMN": 0.43111719009113,
      "VAN": 0.5457912653979688,
      "DAN": 0.5803589694964217,
      "FPN": 0.5841692256258659
    }
  },
  "network_profiles_std": {
    "breath_focus": {
      "DMN": 0.0,
      "VAN": 0.0,
      "DAN": 0.0,
      "FPN": 0.0
    },
    "mind_wandering": {
      "DMN": 0.0,
      "VAN": 0.0,
      "DAN": 0.0,
      "FPN": 0.0
    },
    "meta_awareness": {
      "DMN": 0.0,
      "VAN": 0.0,
      "DAN": 0.0,
      "FPN": 0.0
    },
    "redirect_attention": {
      "DMN": 0.0,
      "VAN": 0.0,
      "DAN": 0.0,
      "FPN": 0.0
    }
  },
  "convergence_metrics": {
    "mean_std_across_seeds": 0.0,
    "max_std_across_seeds": 0.0
  }
}