{
  "seeds": [
    42
  ],
  "timesteps": 5000,
  "experience_level": "novice",
  "network_profiles_mean": {
    "breath_focus": {
      "DMN": 0.4857016074387902,
      "VAN": 0.4755379641533878,
      "DAN": 0.5674016740621055,
      "FPN": 0.5739907164429099
    },
    "mind_wandering": {
      "DMN": 0.7730041509035063,
      "VAN": 0.34900238686598767,
      "DAN": 0.3297910899912239,
      "FPN": 0.3333132073955462
    },
    "meta_awareness": {
      "DMN": 0.5417888075455852,
      "VAN": 0.45736588717534626,
      "DAN": 0.40606326318677816,
      "FPN": 0.41588400668282616
    },
    "redirect_breath": {
      "DMN": 0.42527643285961036,
      "VAN": 0.47485986621264953,
      "DAN": 0.576261198664286,
      "FPN": 0.6250762762614044
    }
  },
  "network_profiles_std": {
    "breath_focus": {
      "DMN": 0.0,
      "VAN": 0.0,
      "DAN": 0.0,
      "FPN": 0.0
    },
    "mind_wandering": {
      "DMN": 0.0,
      "VAN": 0.0,
      "DAN": 0.0,
      "FPN": 0.0
    },
    "meta_awareness": {
      "DMN": 0.0,
      "VAN": 0.0,
      "DAN": 0.0,
      "FPN": 0.0
    },
    "redirect_breath": {
      "DMN": 0.0,
      "VAN": 0.0,
      "DAN": 0.0,
      "FPN": 0.0
    }
  },
  "convergence_metrics": {
    "mean_std_across_seeds": 0.0,
    "max_std_across_seeds": 0.0
  }
}