{
  "seeds": [
    42
  ],
  "timesteps": 5000,
  "experience_level": "novice",
  "network_profiles_mean": {
    "breath_focus": {
      "DMN": 0.5042376030661889,
      "VAN": 0.501259726705775,
      "DAN": 0.5430185938275865,
      "FPN": 0.5200448898457413
    },
    "mind_wandering": {
      "DMN": 0.778962574429708,
      "VAN": 0.34485200766921953,
      "DAN": 0.33407240323098647,
      "FPN": 0.3392811540962173
    },
    "meta_awareness": {
      "DMN": 0.5546441865173769,
      "VAN": 0.5177615261052078,
      "DAN": 0.41195140811271996,
      "FPN": 0.40390638842598187
    },
    "redirect_breath": {
      "DMN": 0.44071361337658727,
      "VAN": 0.5477264419763903,
      "DAN": 0.616387691018702,
      "FPN": 0.6071982272440875
    }
  },
  "network_profiles_std": {
    "breath_focus": {
      "DMN": 0.0,
      "VAN": 0.0,
      "DAN": 0.0,
      "FPN": 0.0
    },
    "mind_wandering": {
      "DMN": 0.0,
      "VAN": 0.0,
      "DAN": 0.0,
      "FPN": 0.0
    },
    "meta_awareness": {
      "DMN": 0.0,
      "VAN": 0.0,
      "DAN": 0.0,
      "FPN": 0.0
    },
    "redirect_breath": {
      "DMN": 0.0,
      "VAN": 0.0,
      "DAN": 0.0,
      "FPN": 0.0
    }
  },
  "convergence_metrics": {
    "mean_std_across_seeds": 0.0,
    "max_std_across_seeds": 0.0
  }
}