{
  "seeds": [
    42
  ],
  "timesteps": 5000,
  "experience_level": "novice",
  "network_profiles_mean": {
    "breath_focus": {
      "DMN": 0.5540296940469692,
      "VAN": 0.4913834394145535,
      "DAN": 0.47785503460072926,
      "FPN": 0.46287594279400857
    },
    "mind_wandering": {
      "DMN": 0.7823031498669715,
      "VAN": 0.3443789293874949,
      "DAN": 0.3265678138709183,
      "FPN": 0.3296696691491851
    },
    "meta_awareness": {
      "DMN": 0.5247291290624575,
      "VAN": 0.520290679755536,
      "DAN": 0.4193667385727167,
      "FPN": 0.3954539068720557
    },
    "redirect_breath": {
      "DMN": 0.46297240724546984,
      "VAN": 0.5603198224763006,
      "DAN": 0.5273337688180212,
      "FPN": 0.5537976360902553
    }
  },
  "network_profiles_std": {
    "breath_focus": {
      "DMN": 0.0,
      "VAN": 0.0,
      "DAN": 0.0,
      "FPN": 0.0
    },
    "mind_wandering": {
      "DMN": 0.0,
      "VAN": 0.0,
      "DAN": 0.0,
      "FPN": 0.0
    },
    "meta_awareness": {
      "DMN": 0.0,
      "VAN": 0.0,
      "DAN": 0.0,
      "FPN": 0.0
    },
    "redirect_breath": {
      "DMN": 0.0,
      "VAN": 0.0,
      "DAN": 0.0,
      "FPN": 0.0
    }
  },
  "convergence_metrics": {
    "mean_std_across_seeds": 0.0,
    "max_std_across_seeds": 0.0
  }
}