{
  "seeds": [
    42,
    43,
    44
  ],
  "timesteps": 3000,
  "experience_level": "expert",
  "network_profiles_mean": {
    "breath_focus": {
      "DMN": 0.3621046512381205,
      "VAN": 0.5981843373762498,
      "DAN": 0.6808041268556949,
      "FPN": 0.687892497510707
    },
    "mind_wandering": {
      "DMN": 0.5106127512675381,
      "VAN": 0.6143022942588111,
      "DAN": 0.5011967107730425,
      "FPN": 0.5922467379591122
    },
    "meta_awareness": {
      "DMN": 0.4087783554613264,
      "VAN": 0.6675523867251852,
      "DAN": 0.5547100756224063,
      "FPN": 0.665127234856731
    },
    "redirect_breath": {
      "DMN": 0.37721875098428953,
      "VAN": 0.6010678036351672,
      "DAN": 0.6269933402163567,
      "FPN": 0.713429930548713
    }
  },
  "network_profiles_std": {
    "breath_focus": {
      "DMN": 0.01362518817292127,
      "VAN": 0.011510910651986894,
      "DAN": 0.010363708110306982,
      "FPN": 0.008476775695724055
    },
    "mind_wandering": {
      "DMN": 0.006862013499389212,
      "VAN": 0.003631591926135974,
      "DAN": 0.0075946667209279475,
      "FPN": 0.0034604404943756966
    },
    "meta_awareness": {
      "DMN": 0.0035292469731058942,
      "VAN": 0.0034585938521834014,
      "DAN": 0.0033144066932581672,
      "FPN": 0.0027581962325928236
    },
    "redirect_breath": {
      "DMN": 0.003809862243074047,
      "VAN": 0.0029141801080002482,
      "DAN": 0.009728046602411916,
      "FPN": 0.0031018866355207
    }
  },
  "convergence_metrics": {
    "mean_std_across_seeds": 0.006133732163244702,
    "max_std_across_seeds": 0.01362518817292127
  }
}