{
  "seeds": [
    42
  ],
  "timesteps": 5000,
  "experience_level": "novice",
  "network_profiles_mean": {
    "breath_focus": {
      "DMN": 0.45601490211887097,
      "VAN": 0.5075008064226989,
      "DAN": 0.5933967383435741,
      "FPN": 0.5667960142789082
    },
    "mind_wandering": {
      "DMN": 0.7219537013278502,
      "VAN": 0.34917863559704726,
      "DAN": 0.3701634575272115,
      "FPN": 0.3638151082641831
    },
    "meta_awareness": {
      "DMN": 0.5306416545705549,
      "VAN": 0.5191440594478928,
      "DAN": 0.43233442948809986,
      "FPN": 0.38722120450231534
    },
    "redirect_attention": {
      "DMN": 0.4160280533552957,
      "VAN": 0.5573723453893127,
      "DAN": 0.5924993396395504,
      "FPN": 0.5828497783579055
    }
  },
  "network_profiles_std": {
    "breath_focus": {
      "DMN": 0.0,
      "VAN": 0.0,
      "DAN": 0.0,
      "FPN": 0.0
    },
    "mind_wandering": {
      "DMN": 0.0,
      "VAN": 0.0,
      "DAN": 0.0,
      "FPN": 0.0
    },
    "meta_awareness": {
      "DMN": 0.0,
      "VAN": 0.0,
      "DAN": 0.0,
      "FPN": 0.0
    },
    "redirect_attention": {
      "DMN": 0.0,
      "VAN": 0.0,
      "DAN": 0.0,
      "FPN": 0.0
    }
  },
  "convergence_metrics": {
    "mean_std_across_seeds": 0.0,
    "max_std_across_seeds": 0.0
  }
}