{
  "seeds": [
    42
  ],
  "timesteps": 5000,
  "experience_level": "novice",
  "network_profiles_mean": {
    "breath_focus": {
      "DMN": 0.5077692642118801,
      "VAN": 0.4929217609815215,
      "DAN": 0.5208070839603047,
      "FPN": 0.5789166754159506
    },
    "mind_wandering": {
      "DMN": 0.726830792521587,
      "VAN": 0.3898105684187253,
      "DAN": 0.3643306663402445,
      "FPN": 0.4080761094833518
    },
    "meta_awareness": {
      "DMN": 0.5272963712031536,
      "VAN": 0.5390000236319735,
      "DAN": 0.44142301166628267,
      "FPN": 0.4491918337471942
    },
    "redirect_breath": {
      "DMN": 0.4443652617034092,
      "VAN": 0.5444492233857032,
      "DAN": 0.5793089493308016,
      "FPN": 0.6373052895069122
    }
  },
  "network_profiles_std": {
    "breath_focus": {
      "DMN": 0.0,
      "VAN": 0.0,
      "DAN": 0.0,
      "FPN": 0.0
    },
    "mind_wandering": {
      "DMN": 0.0,
      "VAN": 0.0,
      "DAN": 0.0,
      "FPN": 0.0
    },
    "meta_awareness": {
      "DMN": 0.0,
      "VAN": 0.0,
      "DAN": 0.0,
      "FPN": 0.0
    },
    "redirect_breath": {
      "DMN": 0.0,
      "VAN": 0.0,
      "DAN": 0.0,
      "FPN": 0.0
    }
  },
  "convergence_metrics": {
    "mean_std_across_seeds": 0.0,
    "max_std_across_seeds": 0.0
  }
}