{
  "seeds": [
    42
  ],
  "timesteps": 5000,
  "experience_level": "expert",
  "network_profiles_mean": {
    "breath_focus": {
      "DMN": 0.4068389667808589,
      "VAN": 0.47623654231763635,
      "DAN": 0.5856198423791191,
      "FPN": 0.6394291022234502
    },
    "mind_wandering": {
      "DMN": 0.5802837306830926,
      "VAN": 0.4694162403120243,
      "DAN": 0.45060850237075056,
      "FPN": 0.516742585267002
    },
    "meta_awareness": {
      "DMN": 0.45574413009342696,
      "VAN": 0.5453701454791284,
      "DAN": 0.5287895606209835,
      "FPN": 0.5811772993987515
    },
    "redirect_breath": {
      "DMN": 0.38675904134651284,
      "VAN": 0.5200821587791691,
      "DAN": 0.6141979764034222,
      "FPN": 0.6772630213142989
    }
  },
  "network_profiles_std": {
    "breath_focus": {
      "DMN": 0.0,
      "VAN": 0.0,
      "DAN": 0.0,
      "FPN": 0.0
    },
    "mind_wandering": {
      "DMN": 0.0,
      "VAN": 0.0,
      "DAN": 0.0,
      "FPN": 0.0
    },
    "meta_awareness": {
      "DMN": 0.0,
      "VAN": 0.0,
      "DAN": 0.0,
      "FPN": 0.0
    },
    "redirect_breath": {
      "DMN": 0.0,
      "VAN": 0.0,
      "DAN": 0.0,
      "FPN": 0.0
    }
  },
  "convergence_metrics": {
    "mean_std_across_seeds": 0.0,
    "max_std_across_seeds": 0.0
  }
}