{
  "seeds": [
    42
  ],
  "timesteps": 5000,
  "experience_level": "novice",
  "network_profiles_mean": {
    "breath_focus": {
      "DMN": 0.5357425189192642,
      "VAN": 0.487484554200586,
      "DAN": 0.5287734843720463,
      "FPN": 0.5581218540793054
    },
    "mind_wandering": {
      "DMN": 0.7171505838677238,
      "VAN": 0.3860757689491017,
      "DAN": 0.3465199520175672,
      "FPN": 0.34833517820223525
    },
    "meta_awareness": {
      "DMN": 0.5484321706915555,
      "VAN": 0.5151828589504712,
      "DAN": 0.4139965967772758,
      "FPN": 0.40711739193903257
    },
    "redirect_breath": {
      "DMN": 0.4553468831298638,
      "VAN": 0.534980381164383,
      "DAN": 0.5796206763063358,
      "FPN": 0.6163567626231576
    }
  },
  "network_profiles_std": {
    "breath_focus": {
      "DMN": 0.0,
      "VAN": 0.0,
      "DAN": 0.0,
      "FPN": 0.0
    },
    "mind_wandering": {
      "DMN": 0.0,
      "VAN": 0.0,
      "DAN": 0.0,
      "FPN": 0.0
    },
    "meta_awareness": {
      "DMN": 0.0,
      "VAN": 0.0,
      "DAN": 0.0,
      "FPN": 0.0
    },
    "redirect_breath": {
      "DMN": 0.0,
      "VAN": 0.0,
      "DAN": 0.0,
      "FPN": 0.0
    }
  },
  "convergence_metrics": {
    "mean_std_across_seeds": 0.0,
    "max_std_across_seeds": 0.0
  }
}