{
  "seeds": [
    42
  ],
  "timesteps": 5000,
  "experience_level": "expert",
  "network_profiles_mean": {
    "breath_focus": {
      "DMN": 0.4089342919659202,
      "VAN": 0.47195996973016,
      "DAN": 0.587366830105962,
      "FPN": 0.6402958665064622
    },
    "mind_wandering": {
      "DMN": 0.5822511942452341,
      "VAN": 0.4682134214811136,
      "DAN": 0.45094134738792335,
      "FPN": 0.5145717598722476
    },
    "meta_awareness": {
      "DMN": 0.45888195373117924,
      "VAN": 0.5384776517748833,
      "DAN": 0.5289628714145649,
      "FPN": 0.5826106272815239
    },
    "redirect_breath": {
      "DMN": 0.3888191241722602,
      "VAN": 0.5136773899004057,
      "DAN": 0.614845753025699,
      "FPN": 0.6780680387051075
    }
  },
  "network_profiles_std": {
    "breath_focus": {
      "DMN": 0.0,
      "VAN": 0.0,
      "DAN": 0.0,
      "FPN": 0.0
    },
    "mind_wandering": {
      "DMN": 0.0,
      "VAN": 0.0,
      "DAN": 0.0,
      "FPN": 0.0
    },
    "meta_awareness": {
      "DMN": 0.0,
      "VAN": 0.0,
      "DAN": 0.0,
      "FPN": 0.0
    },
    "redirect_breath": {
      "DMN": 0.0,
      "VAN": 0.0,
      "DAN": 0.0,
      "FPN": 0.0
    }
  },
  "convergence_metrics": {
    "mean_std_across_seeds": 0.0,
    "max_std_across_seeds": 0.0
  }
}