{
  "seeds": [
    42,
    43,
    44
  ],
  "timesteps": 3000,
  "experience_level": "novice",
  "network_profiles_mean": {
    "breath_focus": {
      "DMN": 0.5330234613423964,
      "VAN": 0.5080986641084358,
      "DAN": 0.595455746504214,
      "FPN": 0.6559047987421656
    },
    "mind_wandering": {
      "DMN": 0.61608854126181,
      "VAN": 0.4624395736274432,
      "DAN": 0.36859943799082756,
      "FPN": 0.43806778092061077
    },
    "meta_awareness": {
      "DMN": 0.4999156730389691,
      "VAN": 0.613782225687066,
      "DAN": 0.511647281795223,
      "FPN": 0.5767504607911154
    },
    "redirect_breath": {
      "DMN": 0.4525987054659985,
      "VAN": 0.5033994802508507,
      "DAN": 0.6121557701137883,
      "FPN": 0.6286966367342598
    }
  },
  "network_profiles_std": {
    "breath_focus": {
      "DMN": 0.01359148715034172,
      "VAN": 0.001651272700792217,
      "DAN": 0.003362776002545855,
      "FPN": 0.011990064147585664
    },
    "mind_wandering": {
      "DMN": 0.011764436811044944,
      "VAN": 0.011010620104767228,
      "DAN": 0.006695839312175825,
      "FPN": 0.003731878287648833
    },
    "meta_awareness": {
      "DMN": 0.006449088315935151,
      "VAN": 0.004654464167626097,
      "DAN": 0.010464795556120857,
      "FPN": 0.009041811750924075
    },
    "redirect_breath": {
      "DMN": 0.014202599222268235,
      "VAN": 0.0074255811568591555,
      "DAN": 0.01418339682685032,
      "FPN": 0.002943801072618761
    }
  },
  "convergence_metrics": {
    "mean_std_across_seeds": 0.008322744536631559,
    "max_std_across_seeds": 0.014202599222268235
  }
}