{
  "seeds": [
    42
  ],
  "timesteps": 5000,
  "experience_level": "novice",
  "network_profiles_mean": {
    "breath_focus": {
      "DMN": 0.48090239966218307,
      "VAN": 0.4978277882598094,
      "DAN": 0.5678103224068025,
      "FPN": 0.5550702555684854
    },
    "mind_wandering": {
      "DMN": 0.725777630849528,
      "VAN": 0.3455395646635292,
      "DAN": 0.3628008141369093,
      "FPN": 0.36091335292330834
    },
    "meta_awareness": {
      "DMN": 0.565802348436867,
      "VAN": 0.4869538237501804,
      "DAN": 0.4213588676207645,
      "FPN": 0.40842537275681223
    },
    "redirect_attention": {
      "DMN": 0.4196852819793848,
      "VAN": 0.529942680324067,
      "DAN": 0.5876326783433647,
      "FPN": 0.5724566819459865
    }
  },
  "network_profiles_std": {
    "breath_focus": {
      "DMN": 0.0,
      "VAN": 0.0,
      "DAN": 0.0,
      "FPN": 0.0
    },
    "mind_wandering": {
      "DMN": 0.0,
      "VAN": 0.0,
      "DAN": 0.0,
      "FPN": 0.0
    },
    "meta_awareness": {
      "DMN": 0.0,
      "VAN": 0.0,
      "DAN": 0.0,
      "FPN": 0.0
    },
    "redirect_attention": {
      "DMN": 0.0,
      "VAN": 0.0,
      "DAN": 0.0,
      "FPN": 0.0
    }
  },
  "convergence_metrics": {
    "mean_std_across_seeds": 0.0,
    "max_std_across_seeds": 0.0
  }
}