{
  "seeds": [
    42
  ],
  "timesteps": 5000,
  "experience_level": "novice",
  "network_profiles_mean": {
    "breath_focus": {
      "DMN": 0.5033456133384454,
      "VAN": 0.503370169863889,
      "DAN": 0.5461974679900888,
      "FPN": 0.5935247623868156
    },
    "mind_wandering": {
      "DMN": 0.7366318426753834,
      "VAN": 0.39593767220530485,
      "DAN": 0.35616380164846895,
      "FPN": 0.39965316791128846
    },
    "meta_awareness": {
      "DMN": 0.6443669849125914,
      "VAN": 0.5662261061274112,
      "DAN": 0.35827008424957285,
      "FPN": 0.359115658573402
    },
    "redirect_breath": {
      "DMN": 0.4519925139299253,
      "VAN": 0.5688549298338774,
      "DAN": 0.6210940693754975,
      "FPN": 0.6317799069532534
    }
  },
  "network_profiles_std": {
    "breath_focus": {
      "DMN": 0.0,
      "VAN": 0.0,
      "DAN": 0.0,
      "FPN": 0.0
    },
    "mind_wandering": {
      "DMN": 0.0,
      "VAN": 0.0,
      "DAN": 0.0,
      "FPN": 0.0
    },
    "meta_awareness": {
      "DMN": 0.0,
      "VAN": 0.0,
      "DAN": 0.0,
      "FPN": 0.0
    },
    "redirect_breath": {
      "DMN": 0.0,
      "VAN": 0.0,
      "DAN": 0.0,
      "FPN": 0.0
    }
  },
  "convergence_metrics": {
    "mean_std_across_seeds": 0.0,
    "max_std_across_seeds": 0.0
  }
}