{
  "seeds": [
    42
  ],
  "timesteps": 5000,
  "experience_level": "novice",
  "network_profiles_mean": {
    "breath_focus": {
      "DMN": 0.5243929125548293,
      "VAN": 0.4717603898114751,
      "DAN": 0.5257568266484645,
      "FPN": 0.5738982432737864
    },
    "mind_wandering": {
      "DMN": 0.7247759689577516,
      "VAN": 0.403239570747774,
      "DAN": 0.3620928420544733,
      "FPN": 0.41007558786607257
    },
    "meta_awareness": {
      "DMN": 0.6514843694018654,
      "VAN": 0.5484653304735082,
      "DAN": 0.3747688000827267,
      "FPN": 0.34194640462608733
    },
    "redirect_breath": {
      "DMN": 0.482211074378224,
      "VAN": 0.5502148323550948,
      "DAN": 0.6156686849273036,
      "FPN": 0.6180937704349999
    }
  },
  "network_profiles_std": {
    "breath_focus": {
      "DMN": 0.0,
      "VAN": 0.0,
      "DAN": 0.0,
      "FPN": 0.0
    },
    "mind_wandering": {
      "DMN": 0.0,
      "VAN": 0.0,
      "DAN": 0.0,
      "FPN": 0.0
    },
    "meta_awareness": {
      "DMN": 0.0,
      "VAN": 0.0,
      "DAN": 0.0,
      "FPN": 0.0
    },
    "redirect_breath": {
      "DMN": 0.0,
      "VAN": 0.0,
      "DAN": 0.0,
      "FPN": 0.0
    }
  },
  "convergence_metrics": {
    "mean_std_across_seeds": 0.0,
    "max_std_across_seeds": 0.0
  }
}