{
  "seeds": [
    42
  ],
  "timesteps": 5000,
  "experience_level": "expert",
  "network_profiles_mean": {
    "breath_focus": {
      "DMN": 0.41069599271285523,
      "VAN": 0.464776363559152,
      "DAN": 0.5900615078890754,
      "FPN": 0.6384064129199306
    },
    "mind_wandering": {
      "DMN": 0.5651749087073815,
      "VAN": 0.4726858903806676,
      "DAN": 0.4542479262255277,
      "FPN": 0.5177350950934899
    },
    "meta_awareness": {
      "DMN": 0.4439548370595149,
      "VAN": 0.5256509750506766,
      "DAN": 0.5466233395019511,
      "FPN": 0.6045993403133939
    },
    "redirect_breath": {
      "DMN": 0.3918958330798037,
      "VAN": 0.5033994334544374,
      "DAN": 0.6105344607516634,
      "FPN": 0.6741999828479659
    }
  },
  "network_profiles_std": {
    "breath_focus": {
      "DMN": 0.0,
      "VAN": 0.0,
      "DAN": 0.0,
      "FPN": 0.0
    },
    "mind_wandering": {
      "DMN": 0.0,
      "VAN": 0.0,
      "DAN": 0.0,
      "FPN": 0.0
    },
    "meta_awareness": {
      "DMN": 0.0,
      "VAN": 0.0,
      "DAN": 0.0,
      "FPN": 0.0
    },
    "redirect_breath": {
      "DMN": 0.0,
      "VAN": 0.0,
      "DAN": 0.0,
      "FPN": 0.0
    }
  },
  "convergence_metrics": {
    "mean_std_across_seeds": 0.0,
    "max_std_across_seeds": 0.0
  }
}