{
  "seeds": [
    42
  ],
  "timesteps": 5000,
  "experience_level": "novice",
  "network_profiles_mean": {
    "breath_focus": {
      "DMN": 0.5540626263235979,
      "VAN": 0.4927767218752978,
      "DAN": 0.503482074023568,
      "FPN": 0.5456727592065372
    },
    "mind_wandering": {
      "DMN": 0.7730690861951915,
      "VAN": 0.35161275594093205,
      "DAN": 0.3098397455059956,
      "FPN": 0.3569698884020117
    },
    "meta_awareness": {
      "DMN": 0.5644738948165019,
      "VAN": 0.49412579740625184,
      "DAN": 0.4099504321588377,
      "FPN": 0.41408499639941104
    },
    "redirect_breath": {
      "DMN": 0.4719170037243101,
      "VAN": 0.5460027650826507,
      "DAN": 0.5622021021114455,
      "FPN": 0.5926915638148784
    }
  },
  "network_profiles_std": {
    "breath_focus": {
      "DMN": 0.0,
      "VAN": 0.0,
      "DAN": 0.0,
      "FPN": 0.0
    },
    "mind_wandering": {
      "DMN": 0.0,
      "VAN": 0.0,
      "DAN": 0.0,
      "FPN": 0.0
    },
    "meta_awareness": {
      "DMN": 0.0,
      "VAN": 0.0,
      "DAN": 0.0,
      "FPN": 0.0
    },
    "redirect_breath": {
      "DMN": 0.0,
      "VAN": 0.0,
      "DAN": 0.0,
      "FPN": 0.0
    }
  },
  "convergence_metrics": {
    "mean_std_across_seeds": 0.0,
    "max_std_across_seeds": 0.0
  }
}