{
  "seeds": [
    42
  ],
  "timesteps": 5000,
  "experience_level": "novice",
  "network_profiles_mean": {
    "breath_focus": {
      "DMN": 0.5326140794600778,
      "VAN": 0.5093375771641103,
      "DAN": 0.5409531344289649,
      "FPN": 0.579219336096429
    },
    "mind_wandering": {
      "DMN": 0.6939236156669465,
      "VAN": 0.38053036692406994,
      "DAN": 0.37926268651901307,
      "FPN": 0.3964835106065224
    },
    "meta_awareness": {
      "DMN": 0.5270280399610774,
      "VAN": 0.5292747579984161,
      "DAN": 0.43695050980942673,
      "FPN": 0.42697382153431773
    },
    "redirect_breath": {
      "DMN": 0.45344327803636564,
      "VAN": 0.5723917621236316,
      "DAN": 0.5804117935241302,
      "FPN": 0.6097776465160998
    }
  },
  "network_profiles_std": {
    "breath_focus": {
      "DMN": 0.0,
      "VAN": 0.0,
      "DAN": 0.0,
      "FPN": 0.0
    },
    "mind_wandering": {
      "DMN": 0.0,
      "VAN": 0.0,
      "DAN": 0.0,
      "FPN": 0.0
    },
    "meta_awareness": {
      "DMN": 0.0,
      "VAN": 0.0,
      "DAN": 0.0,
      "FPN": 0.0
    },
    "redirect_breath": {
      "DMN": 0.0,
      "VAN": 0.0,
      "DAN": 0.0,
      "FPN": 0.0
    }
  },
  "convergence_metrics": {
    "mean_std_across_seeds": 0.0,
    "max_std_across_seeds": 0.0
  }
}