{
  "network_profiles": {
    "breath_focus": {
      "DMN": 0.5475160693627211,
      "VAN": 0.5065337608217791,
      "DAN": 0.6000612355339746,
      "FPN": 0.6562999620685303
    },
    "mind_wandering": {
      "DMN": 0.6295763393671916,
      "VAN": 0.4469519462375253,
      "DAN": 0.36347539445716015,
      "FPN": 0.4405152621053995
    },
    "meta_awareness": {
      "DMN": 0.5019242921473607,
      "VAN": 0.618665029809663,
      "DAN": 0.5257217873830629,
      "FPN": 0.5882019240697218
    },
    "redirect_breath": {
      "DMN": 0.4659035929090651,
      "VAN": 0.5011395757158918,
      "DAN": 0.5988272831662952,
      "FPN": 0.6325628108599429
    }
  },
  "seed": 42,
  "timesteps": 3000,
  "experience_level": "novice",
  "natural_transitions": 231,
  "forced_transitions": 0
}