{
  "observed_network_means": {
    "breath_focus": {
      "DMN": 0.4089894019882041,
      "VAN": 0.4672853887198942,
      "DAN": 0.5753432418243059,
      "FPN": 0.6357255709972306
    },
    "mind_wandering": {
      "DMN": 0.5830883963131591,
      "VAN": 0.46218868950381875,
      "DAN": 0.4449839331944914,
      "FPN": 0.51259846598106
    },
    "meta_awareness": {
      "DMN": 0.46949622301118715,
      "VAN": 0.5221678059370745,
      "DAN": 0.5116920229047537,
      "FPN": 0.5790487416975555
    },
    "redirect_breath": {
      "DMN": 0.4040539558362035,
      "VAN": 0.5044881042490885,
      "DAN": 0.5880824090207665,
      "FPN": 0.6649724681979244
    }
  },
  "seed": 42,
  "timesteps": 5000,
  "experience_level": "expert"
}