{
  "observed_network_means": {
    "breath_focus": {
      "DMN": 0.40893427439803415,
      "VAN": 0.4719599730372811,
      "DAN": 0.5873668590862832,
      "FPN": 0.6402958561836565
    },
    "mind_wandering": {
      "DMN": 0.5822512075420498,
      "VAN": 0.4682134181440749,
      "DAN": 0.45094134076518505,
      "FPN": 0.514571762952591
    },
    "meta_awareness": {
      "DMN": 0.4588819577225617,
      "VAN": 0.5384776754570859,
      "DAN": 0.5289629003299134,
      "FPN": 0.5826106351755914
    },
    "redirect_breath": {
      "DMN": 0.38881912719119677,
      "VAN": 0.5136774088655199,
      "DAN": 0.6148457856921407,
      "FPN": 0.678068035453945
    }
  },
  "seed": 42,
  "timesteps": 5000,
  "experience_level": "expert"
}