{
  "observed_network_means": {
    "breath_focus": {
      "DMN": 0.5370396457280323,
      "VAN": 0.502081441430023,
      "DAN": 0.4944625132086424,
      "FPN": 0.5430548335336576
    },
    "mind_wandering": {
      "DMN": 0.7649158974152234,
      "VAN": 0.3595115320020532,
      "DAN": 0.32997018544334455,
      "FPN": 0.33620461240915317
    },
    "meta_awareness": {
      "DMN": 0.5596463909227242,
      "VAN": 0.4985708391636385,
      "DAN": 0.41221084852963313,
      "FPN": 0.4044325685020658
    },
    "redirect_breath": {
      "DMN": 0.48983497347777694,
      "VAN": 0.5448469834523566,
      "DAN": 0.5393387346024554,
      "FPN": 0.5746114141711433
    }
  },
  "seed": 42,
  "timesteps": 5000,
  "experience_level": "novice"
}