{
  "observed_network_means": {
    "breath_focus": {
      "DMN": 0.3843234912287055,
      "VAN": 0.48561394573206296,
      "DAN": 0.594866611446258,
      "FPN": 0.6103354795685579
    },
    "mind_wandering": {
      "DMN": 0.5589357063584371,
      "VAN": 0.4590312420228206,
      "DAN": 0.44288283542755547,
      "FPN": 0.5124410729342644
    },
    "meta_awareness": {
      "DMN": 0.46933630223733835,
      "VAN": 0.5344236679105874,
      "DAN": 0.49865800874779026,
      "FPN": 0.557010796989303
    },
    "redirect_attention": {
      "DMN": 0.39059994522497743,
      "VAN": 0.5293265377253169,
      "DAN": 0.6147518044485707,
      "FPN": 0.6447726269895562
    }
  },
  "seed": 42,
  "timesteps": 5000,
  "experience_level": "expert"
}