{
  "network_profiles": {
    "breath_focus": {
      "DMN": 0.30634111887077453,
      "VAN": 0.46825445578377506,
      "DAN": 0.5961452244722678,
      "FPN": 0.4515891190070277
    },
    "mind_wandering": {
      "DMN": 0.4700625009110241,
      "VAN": 0.5299115466138988,
      "DAN": 0.4109161549824721,
      "FPN": 0.5353553009038889
    },
    "meta_awareness": {
      "DMN": 0.40160991446234334,
      "VAN": 0.65,
      "DAN": 0.4797968250767295,
      "FPN": 0.56138174561255
    },
    "redirect_breath": {
      "DMN": 0.3987104167198603,
      "VAN": 0.5317765122747108,
      "DAN": 0.5913578413787727,
      "FPN": 0.4939084786555712
    }
  },
  "seed": 43,
  "timesteps": 3000,
  "experience_level": "expert"
}