{
  "observed_network_means": {
    "breath_focus": {
      "DMN": 0.5082155064409298,
      "VAN": 0.5098405298326285,
      "DAN": 0.5400634972198356,
      "FPN": 0.5879552100875205
    },
    "mind_wandering": {
      "DMN": 0.7334924019144407,
      "VAN": 0.39436267002777936,
      "DAN": 0.35848156370358203,
      "FPN": 0.4010593984799045
    },
    "meta_awareness": {
      "DMN": 0.6332375318162582,
      "VAN": 0.5627948186678045,
      "DAN": 0.3751769234152401,
      "FPN": 0.36113700340775884
    },
    "redirect_breath": {
      "DMN": 0.46831858393393067,
      "VAN": 0.5767548555693431,
      "DAN": 0.6093500515348033,
      "FPN": 0.6297069201518221
    }
  },
  "seed": 42,
  "timesteps": 5000,
  "experience_level": "novice"
}