{
  "network_profiles": {
    "breath_focus": {
      "DMN": 0.5367117821092336,
      "VAN": 0.5103822355258432,
      "DAN": 0.5921261150615207,
      "FPN": 0.6410264357014832
    },
    "mind_wandering": {
      "DMN": 0.6177804253335809,
      "VAN": 0.46878671949841694,
      "DAN": 0.36426511800710026,
      "FPN": 0.43279462676347447
    },
    "meta_awareness": {
      "DMN": 0.5066159203907966,
      "VAN": 0.6151637443621724,
      "DAN": 0.508572242825734,
      "FPN": 0.5759521555787381
    },
    "redirect_breath": {
      "DMN": 0.4589772139198843,
      "VAN": 0.5134107897848355,
      "DAN": 0.6318014116281829,
      "FPN": 0.628100886710145
    }
  },
  "seed": 44,
  "timesteps": 3000,
  "experience_level": "novice",
  "natural_transitions": 239,
  "forced_transitions": 0
}