{
  "network_profiles": {
    "breath_focus": {
      "DMN": 0.38136720064455226,
      "VAN": 0.5854637025783239,
      "DAN": 0.6662536664815238,
      "FPN": 0.6982543471696285
    },
    "mind_wandering": {
      "DMN": 0.5176000980875304,
      "VAN": 0.6156262537792673,
      "DAN": 0.4907257453849253,
      "FPN": 0.5893086503516773
    },
    "meta_awareness": {
      "DMN": 0.4074913361286679,
      "VAN": 0.6690227243469803,
      "DAN": 0.5502835505461107,
      "FPN": 0.6689806179724426
    },
    "redirect_breath": {
      "DMN": 0.3791731249433887,
      "VAN": 0.5981840709931875,
      "DAN": 0.6134382089862418,
      "FPN": 0.7177784012267614
    }
  },
  "seed": 44,
  "timesteps": 3000,
  "experience_level": "expert",
  "natural_transitions": 303,
  "forced_transitions": 0
}