{
  "network_profiles": {
    "breath_focus": {
      "DMN": 0.18498875692611755,
      "VAN": 0.4605161467716897,
      "DAN": 0.719865055717691,
      "FPN": 0.569472527110583
    },
    "mind_wandering": {
      "DMN": 0.4733733648911098,
      "VAN": 0.5509800259083195,
      "DAN": 0.46367330751457075,
      "FPN": 0.5642970422165021
    },
    "meta_awareness": {
      "DMN": 0.39678449990764686,
      "VAN": 0.6678167680326086,
      "DAN": 0.4997543107306784,
      "FPN": 0.5767181359590503
    },
    "redirect_breath": {
      "DMN": 0.4023051046225393,
      "VAN": 0.5465266734180477,
      "DAN": 0.5852472414350202,
      "FPN": 0.491436727517273
    }
  },
  "seed": 44,
  "timesteps": 3000,
  "experience_level": "expert"
}