{
  "observed_network_means": {
    "breath_focus": {
      "DMN": 0.43078655141741934,
      "VAN": 0.4704890105473501,
      "DAN": 0.5637903033715801,
      "FPN": 0.6221025178945956
    },
    "mind_wandering": {
      "DMN": 0.4624881788935555,
      "VAN": 0.4744251774620622,
      "DAN": 0.5287007653188677,
      "FPN": 0.5960955733524309
    },
    "meta_awareness": {
      "DMN": 0.4733623935187117,
      "VAN": 0.49674872219139804,
      "DAN": 0.523881049443644,
      "FPN": 0.5837008566298383
    },
    "redirect_breath": {
      "DMN": 0.41700696427438216,
      "VAN": 0.4971733137460078,
      "DAN": 0.5916567960027921,
      "FPN": 0.6521777609142206
    }
  },
  "seed": 42,
  "timesteps": 5000,
  "experience_level": "expert"
}