{
  "network_profiles": {
    "breath_focus": {
      "DMN": 0.5659531532775698,
      "VAN": 0.4705873400871677,
      "DAN": 0.565336318562367,
      "FPN": 0.6336818499616024
    },
    "mind_wandering": {
      "DMN": 0.6016899824514261,
      "VAN": 0.40018009857448,
      "DAN": 0.5,
      "FPN": 0.5496214002921185
    },
    "meta_awareness": {
      "DMN": 0.5361009465582094,
      "VAN": 0.5525034168800441,
      "DAN": 0.4533161017187117,
      "FPN": 0.5082708279245177
    },
    "redirect_breath": {
      "DMN": 0.5392240458023574,
      "VAN": 0.48043104502323286,
      "DAN": 0.5472778975013852,
      "FPN": 0.6072330507967089
    }
  },
  "seed": 44,
  "timesteps": 3000,
  "experience_level": "novice"
}