{
  "network_profiles": {
    "breath_focus": {
      "DMN": 0.5148425325552346,
      "VAN": 0.5073799959776855,
      "DAN": 0.5941798889171466,
      "FPN": 0.6703879984564832
    },
    "mind_wandering": {
      "DMN": 0.6009088590846575,
      "VAN": 0.47158005514638734,
      "DAN": 0.37805780150822216,
      "FPN": 0.44089345389295836
    },
    "meta_awareness": {
      "DMN": 0.49120680657875015,
      "VAN": 0.6075179028893625,
      "DAN": 0.5006478151768724,
      "FPN": 0.5660973027248861
    },
    "redirect_breath": {
      "DMN": 0.43291530956904617,
      "VAN": 0.4956480752518248,
      "DAN": 0.6058386155468869,
      "FPN": 0.6254262126326914
    }
  },
  "seed": 43,
  "timesteps": 3000,
  "experience_level": "novice",
  "natural_transitions": 217,
  "forced_transitions": 0
}