{
  "observed_network_means": {
    "breath_focus": {
      "DMN": 0.49199918981611246,
      "VAN": 0.5206681459354676,
      "DAN": 0.5517296695672884,
      "FPN": 0.5690756823594977
    },
    "mind_wandering": {
      "DMN": 0.7299654130755082,
      "VAN": 0.3889461352265126,
      "DAN": 0.35563044271031174,
      "FPN": 0.3969377105457583
    },
    "meta_awareness": {
      "DMN": 0.6580758514436515,
      "VAN": 0.5392402887344361,
      "DAN": 0.3439788740631696,
      "FPN": 0.33586127725807396
    },
    "redirect_breath": {
      "DMN": 0.46804041552853276,
      "VAN": 0.5722511939414135,
      "DAN": 0.6235042003068056,
      "FPN": 0.6289165646224827
    }
  },
  "seed": 42,
  "timesteps": 5000,
  "experience_level": "novice"
}