{
  "observed_network_means": {
    "breath_focus": {
      "DMN": 0.4059028183585036,
      "VAN": 0.4720429400023025,
      "DAN": 0.5800604773138578,
      "FPN": 0.6241283374424644
    },
    "mind_wandering": {
      "DMN": 0.5882090703147986,
      "VAN": 0.4626813647507433,
      "DAN": 0.45231550082910893,
      "FPN": 0.5100507613679895
    },
    "meta_awareness": {
      "DMN": 0.4428392712898711,
      "VAN": 0.5332960717855616,
      "DAN": 0.5285851196881305,
      "FPN": 0.5889462706573466
    },
    "redirect_breath": {
      "DMN": 0.37041479863246496,
      "VAN": 0.5188548809113207,
      "DAN": 0.636504164844189,
      "FPN": 0.6720581692505397
    }
  },
  "seed": 42,
  "timesteps": 5000,
  "experience_level": "expert"
}