{
  "network_profiles": {
    "breath_focus": {
      "DMN": 0.3529026455587714,
      "VAN": 0.6133418522727335,
      "DAN": 0.6865553013127548,
      "FPN": 0.677490687408818
    },
    "mind_wandering": {
      "DMN": 0.501286961413955,
      "VAN": 0.6093428689470829,
      "DAN": 0.5085028471763423,
      "FPN": 0.5903264302716219
    },
    "meta_awareness": {
      "DMN": 0.40524561534779474,
      "VAN": 0.67085719162831,
      "DAN": 0.5555882934406413,
      "FPN": 0.6626760925300746
    },
    "redirect_breath": {
      "DMN": 0.37189324337629065,
      "VAN": 0.5999598203351043,
      "DAN": 0.6317346963508298,
      "FPN": 0.7117563479047252
    }
  },
  "seed": 42,
  "timesteps": 3000,
  "experience_level": "expert",
  "natural_transitions": 300,
  "forced_transitions": 0
}