{
  "observed_network_means": {
    "breath_focus": {
      "DMN": 0.4080976946482127,
      "VAN": 0.4758900972739072,
      "DAN": 0.5802252655145301,
      "FPN": 0.627793642054294
    },
    "mind_wandering": {
      "DMN": 0.5853007797849291,
      "VAN": 0.46684532730202927,
      "DAN": 0.45074183448210575,
      "FPN": 0.5103136192785449
    },
    "meta_awareness": {
      "DMN": 0.451805059937225,
      "VAN": 0.5309983953491024,
      "DAN": 0.5367170392439283,
      "FPN": 0.5989123786660446
    },
    "redirect_breath": {
      "DMN": 0.38097893424473483,
      "VAN": 0.50644100253498,
      "DAN": 0.6153397201522579,
      "FPN": 0.6856153067857592
    }
  },
  "seed": 42,
  "timesteps": 5000,
  "experience_level": "expert"
}