{
  "network_profiles": {
    "breath_focus": {
      "DMN": 0.561657625770423,
      "VAN": 0.4971066889577693,
      "DAN": 0.5920921534675094,
      "FPN": 0.6447863805904204
    },
    "mind_wandering": {
      "DMN": 0.6,
      "VAN": 0.3937563023131974,
      "DAN": 0.5,
      "FPN": 0.55
    },
    "meta_awareness": {
      "DMN": 0.4815852593662728,
      "VAN": 0.5874543039953015,
      "DAN": 0.574557791275082,
      "FPN": 0.5630082250406794
    },
    "redirect_breath": {
      "DMN": 0.4962747790524294,
      "VAN": 0.5528594912832824,
      "DAN": 0.6090124894476844,
      "FPN": 0.6599673761100066
    }
  },
  "seed": 43,
  "timesteps": 3000,
  "experience_level": "novice"
}