{
  "observed_network_means": {
    "breath_focus": {
      "DMN": 0.5173578695179945,
      "VAN": 0.5038044673873779,
      "DAN": 0.5476540282448346,
      "FPN": 0.5909969404738217
    },
    "mind_wandering": {
      "DMN": 0.7401355116424279,
      "VAN": 0.3674966899910097,
      "DAN": 0.34903467160975055,
      "FPN": 0.3596380944876169
    },
    "meta_awareness": {
      "DMN": 0.5306712551140965,
      "VAN": 0.5068732190792746,
      "DAN": 0.43357091346375587,
      "FPN": 0.422910294094374
    },
    "redirect_breath": {
      "DMN": 0.42705880403518676,
      "VAN": 0.554747174680233,
      "DAN": 0.589584895885653,
      "FPN": 0.627450144622061
    }
  },
  "seed": 42,
  "timesteps": 5000,
  "experience_level": "novice"
}