{
  "network_profiles": {
    "breath_focus": {
      "DMN": 0.550000011920929,
      "VAN": 0.5,
      "DAN": 0.5,
      "FPN": 0.550000011920929
    },
    "mind_wandering": {
      "DMN": 0.75,
      "VAN": 0.4000000059604645,
      "DAN": 0.3499999940395355,
      "FPN": 0.4000000059604645
    },
    "meta_awareness": {
      "DMN": 0.5,
      "VAN": 0.699999988079071,
      "DAN": 0.4000000059604645,
      "FPN": 0.44999998807907104
    },
    "redirect_breath": {
      "DMN": 0.44999998807907104,
      "VAN": 0.5,
      "DAN": 0.6499999761581421,
      "FPN": 0.699999988079071
    }
  },
  "observed_network_means": {
    "breath_focus": {
      "DMN": 0.5371878843175041,
      "VAN": 0.5521262488762537,
      "DAN": 0.58438756580706,
      "FPN": 0.6295289839417846
    },
    "mind_wandering": {
      "DMN": 0.7336676174697438,
      "VAN": 0.45676235118792685,
      "DAN": 0.41560003300348686,
      "FPN": 0.4672766487722577
    },
    "meta_awareness": {
      "DMN": 0.6572850940143593,
      "VAN": 0.6027128763080384,
      "DAN": 0.4241193554539611,
      "FPN": 0.40415673960563314
    },
    "redirect_breath": {
      "DMN": 0.5009203441352572,
      "VAN": 0.6055061640903672,
      "DAN": 0.6530409749783133,
      "FPN": 0.6770416662415529
    }
  },
  "seed": 43,
  "timesteps": 5000,
  "experience_level": "novice"
}