{
  "network_profiles": {
    "breath_focus": {
      "DMN": 0.4000000059604645,
      "VAN": 0.44999998807907104,
      "DAN": 0.6000000238418579,
      "FPN": 0.6499999761581421
    },
    "mind_wandering": {
      "DMN": 0.6499999761581421,
      "VAN": 0.5,
      "DAN": 0.4000000059604645,
      "FPN": 0.5
    },
    "meta_awareness": {
      "DMN": 0.4000000059604645,
      "VAN": 0.699999988079071,
      "DAN": 0.44999998807907104,
      "FPN": 0.5
    },
    "redirect_breath": {
      "DMN": 0.3499999940395355,
      "VAN": 0.550000011920929,
      "DAN": 0.699999988079071,
      "FPN": 0.75
    }
  },
  "observed_network_means": {
    "breath_focus": {
      "DMN": 0.4189111661361176,
      "VAN": 0.4545441949465937,
      "DAN": 0.5359625277100752,
      "FPN": 0.56813210506749
    },
    "mind_wandering": {
      "DMN": 0.45670950829908763,
      "VAN": 0.4488594540430107,
      "DAN": 0.43826293601226096,
      "FPN": 0.4854833634465026
    },
    "meta_awareness": {
      "DMN": 0.5060669355828997,
      "VAN": 0.5282833610831852,
      "DAN": 0.4946611232950654,
      "FPN": 0.5085713866520936
    },
    "redirect_breath": {
      "DMN": 0.46535527888323447,
      "VAN": 0.5485151303599247,
      "DAN": 0.6244754137290309,
      "FPN": 0.6369928614846592
    }
  },
  "seed": 44,
  "timesteps": 5000,
  "experience_level": "expert"
}