{
  "network_profiles": {
    "breath_focus": {
      "DMN": 0.4000000059604645,
      "VAN": 0.44999998807907104,
      "DAN": 0.6000000238418579,
      "FPN": 0.6499999761581421
    },
    "mind_wandering": {
      "DMN": 0.6499999761581421,
      "VAN": 0.5,
      "DAN": 0.4000000059604645,
      "FPN": 0.5
    },
    "meta_awareness": {
      "DMN": 0.4000000059604645,
      "VAN": 0.699999988079071,
      "DAN": 0.44999998807907104,
      "FPN": 0.5
    },
    "redirect_breath": {
      "DMN": 0.3499999940395355,
      "VAN": 0.550000011920929,
      "DAN": 0.699999988079071,
      "FPN": 0.75
    }
  },
  "observed_network_means": {
    "breath_focus": {
      "DMN": 0.40475419890249725,
      "VAN": 0.4413570690228117,
      "DAN": 0.5212749574849128,
      "FPN": 0.5632617630163059
    },
    "mind_wandering": {
      "DMN": 0.4712388922995001,
      "VAN": 0.45458055490415084,
      "DAN": 0.4437941611023312,
      "FPN": 0.500856312378001
    },
    "meta_awareness": {
      "DMN": 0.4988238303968222,
      "VAN": 0.5112448042572135,
      "DAN": 0.4812986467144277,
      "FPN": 0.5204320769793916
    },
    "redirect_breath": {
      "DMN": 0.47375076659209364,
      "VAN": 0.5513232545496306,
      "DAN": 0.6249729666421422,
      "FPN": 0.6616480193528417
    }
  },
  "seed": 43,
  "timesteps": 5000,
  "experience_level": "expert"
}