{
  "observed_network_means": {
    "breath_focus": {
      "DMN": 0.4487281374766219,
      "VAN": 0.4963595581017161,
      "DAN": 0.5860515668722415,
      "FPN": 0.5581060218285664
    },
    "mind_wandering": {
      "DMN": 0.7414537549291442,
      "VAN": 0.3694048489421243,
      "DAN": 0.35568181577070457,
      "FPN": 0.36218941541524924
    },
    "meta_awareness": {
      "DMN": 0.5346494168043137,
      "VAN": 0.521403847583409,
      "DAN": 0.4335805879070841,
      "FPN": 0.41296332246013756
    },
    "redirect_attention": {
      "DMN": 0.4161589380734825,
      "VAN": 0.5507111380202542,
      "DAN": 0.5972093898471039,
      "FPN": 0.5895730111465203
    }
  },
  "seed": 42,
  "timesteps": 5000,
  "experience_level": "novice"
}