{
  "observed_network_means": {
    "breath_focus": {
      "DMN": 0.38005429098106525,
      "VAN": 0.4558416686634798,
      "DAN": 0.6168869122329725,
      "FPN": 0.638883774843086
    },
    "mind_wandering": {
      "DMN": 0.5810577028177929,
      "VAN": 0.47086136007374235,
      "DAN": 0.43165498843428046,
      "FPN": 0.5085829497403596
    },
    "meta_awareness": {
      "DMN": 0.48580250720823964,
      "VAN": 0.5651817437141172,
      "DAN": 0.4784669717473368,
      "FPN": 0.5347764093068338
    },
    "redirect_breath": {
      "DMN": 0.36253983276278784,
      "VAN": 0.549721580710304,
      "DAN": 0.6248582436629896,
      "FPN": 0.6660519202103775
    }
  },
  "seed": 42,
  "timesteps": 5000,
  "experience_level": "expert"
}