{
  "network_profiles": {
    "breath_focus": {
      "DMN": 0.550000011920929,
      "VAN": 0.5,
      "DAN": 0.5,
      "FPN": 0.550000011920929
    },
    "mind_wandering": {
      "DMN": 0.75,
      "VAN": 0.4000000059604645,
      "DAN": 0.3499999940395355,
      "FPN": 0.4000000059604645
    },
    "meta_awareness": {
      "DMN": 0.5,
      "VAN": 0.699999988079071,
      "DAN": 0.4000000059604645,
      "FPN": 0.44999998807907104
    },
    "redirect_breath": {
      "DMN": 0.44999998807907104,
      "VAN": 0.5,
      "DAN": 0.6499999761581421,
      "FPN": 0.699999988079071
    }
  },
  "observed_network_means": {
    "breath_focus": {
      "DMN": 0.5314811726964138,
      "VAN": 0.5275577535842064,
      "DAN": 0.5495505275458612,
      "FPN": 0.593261395128812
    },
    "mind_wandering": {
      "DMN": 0.7640008522953254,
      "VAN": 0.4498915460150893,
      "DAN": 0.40820225819977224,
      "FPN": 0.45198463908906594
    },
    "meta_awareness": {
      "DMN": 0.6798903664010901,
      "VAN": 0.6042223616048347,
      "DAN": 0.42715884571851687,
      "FPN": 0.40200410588362884
    },
    "redirect_breath": {
      "DMN": 0.5060325528199054,
      "VAN": 0.600813729422433,
      "DAN": 0.6289875773229683,
      "FPN": 0.6317381323600302
    }
  },
  "seed": 44,
  "timesteps": 5000,
  "experience_level": "novice"
}