{
  "observed_network_means": {
    "breath_focus": {
      "DMN": 0.40431647802350823,
      "VAN": 0.45981261315359145,
      "DAN": 0.5911491904390316,
      "FPN": 0.6316871537592019
    },
    "mind_wandering": {
      "DMN": 0.5218947702626808,
      "VAN": 0.4343802624824191,
      "DAN": 0.4714669888842164,
      "FPN": 0.5142043846223328
    },
    "meta_awareness": {
      "DMN": 0.44680791544914245,
      "VAN": 0.49337745261192323,
      "DAN": 0.5195593830347062,
      "FPN": 0.5547857718467712
    },
    "redirect_attention": {
      "DMN": 0.3940959526725372,
      "VAN": 0.48321190203778,
      "DAN": 0.5829566304427968,
      "FPN": 0.6254668583629259
    }
  },
  "seed": 42,
  "timesteps": 5000,
  "experience_level": "expert"
}