{
  "network_profiles": {
    "breath_focus": {
      "DMN": 0.5655226323715384,
      "VAN": 0.48232093078262095,
      "DAN": 0.5713812378928701,
      "FPN": 0.6120814853513847
    },
    "mind_wandering": {
      "DMN": 0.678158737242019,
      "VAN": 0.36518023325893484,
      "DAN": 0.40229563217807174,
      "FPN": 0.4872138520896347
    },
    "meta_awareness": {
      "DMN": 0.5413291262806784,
      "VAN": 0.5234214344285086,
      "DAN": 0.47510039673787857,
      "FPN": 0.4933280423051219
    },
    "redirect_breath": {
      "DMN": 0.5284644080365821,
      "VAN": 0.4781399716163722,
      "DAN": 0.5648770716481091,
      "FPN": 0.6081348111256921
    }
  },
  "seed": 42,
  "timesteps": 3000,
  "experience_level": "novice"
}