{
  "observed_network_means": {
    "breath_focus": {
      "DMN": 0.5347157016429417,
      "VAN": 0.46366496923611916,
      "DAN": 0.5233093820528743,
      "FPN": 0.5377428651546801
    },
    "mind_wandering": {
      "DMN": 0.7429093598221527,
      "VAN": 0.34222998999494186,
      "DAN": 0.3667013177388242,
      "FPN": 0.36069745167303635
    },
    "meta_awareness": {
      "DMN": 0.6023483196994168,
      "VAN": 0.46363158089731205,
      "DAN": 0.4147810943836543,
      "FPN": 0.41272680850783783
    },
    "redirect_attention": {
      "DMN": 0.48308729862465577,
      "VAN": 0.4987411246640687,
      "DAN": 0.5353805338151556,
      "FPN": 0.5396454201266925
    }
  },
  "seed": 42,
  "timesteps": 5000,
  "experience_level": "novice"
}