{
  "observed_network_means": {
    "breath_focus": {
      "DMN": 0.386334376221348,
      "VAN": 0.4876994750615892,
      "DAN": 0.5930765271186829,
      "FPN": 0.6114823083965282
    },
    "mind_wandering": {
      "DMN": 0.5588666472959956,
      "VAN": 0.4589024080322423,
      "DAN": 0.44323615997756294,
      "FPN": 0.5137641110278051
    },
    "meta_awareness": {
      "DMN": 0.4688545589705548,
      "VAN": 0.5373024722179734,
      "DAN": 0.49831241850393365,
      "FPN": 0.5570582275649151
    },
    "redirect_attention": {
      "DMN": 0.39121043202019135,
      "VAN": 0.532112579777151,
      "DAN": 0.613483877236873,
      "FPN": 0.6446009274556547
    }
  },
  "seed": 42,
  "timesteps": 5000,
  "experience_level": "expert"
}