{
  "observed_network_means": {
    "breath_focus": {
      "DMN": 0.4413351700585152,
      "VAN": 0.46936090591179114,
      "DAN": 0.5625588402548919,
      "FPN": 0.6187270761232052
    },
    "mind_wandering": {
      "DMN": 0.48192213206533274,
      "VAN": 0.4758527332558401,
      "DAN": 0.5276072636651318,
      "FPN": 0.5926991284175072
    },
    "meta_awareness": {
      "DMN": 0.4823871790666988,
      "VAN": 0.5242275747575649,
      "DAN": 0.5256627584709731,
      "FPN": 0.5965965303233626
    },
    "redirect_breath": {
      "DMN": 0.42723517439195086,
      "VAN": 0.5025711734960605,
      "DAN": 0.5943341156491986,
      "FPN": 0.659656436605887
    }
  },
  "seed": 42,
  "timesteps": 5000,
  "experience_level": "expert"
}