{
  "observed_network_means": {
    "breath_focus": {
      "DMN": 0.5007335199392657,
      "VAN": 0.47621025243737053,
      "DAN": 0.5468152549619443,
      "FPN": 0.5356724704502698
    },
    "mind_wandering": {
      "DMN": 0.7232199668474751,
      "VAN": 0.3379408947676699,
      "DAN": 0.354648901732507,
      "FPN": 0.3543561827821854
    },
    "meta_awareness": {
      "DMN": 0.5666558568489581,
      "VAN": 0.47509779820316717,
      "DAN": 0.4176308961963295,
      "FPN": 0.39985359775691404
    },
    "redirect_attention": {
      "DMN": 0.42518465465754574,
      "VAN": 0.5169256799844892,
      "DAN": 0.5863866761901074,
      "FPN": 0.5703569193640781
    }
  },
  "seed": 42,
  "timesteps": 5000,
  "experience_level": "novice"
}