{
  "observed_network_means": {
    "breath_focus": {
      "DMN": 0.5077179443198061,
      "VAN": 0.49351922957181404,
      "DAN": 0.5667809820333064,
      "FPN": 0.5386442167244473
    },
    "mind_wandering": {
      "DMN": 0.7039975228063479,
      "VAN": 0.3693107070025993,
      "DAN": 0.393872688937507,
      "FPN": 0.36824464195606044
    },
    "meta_awareness": {
      "DMN": 0.5632190892213508,
      "VAN": 0.49483628793607787,
      "DAN": 0.4490427467641951,
      "FPN": 0.41137793728067906
    },
    "redirect_attention": {
      "DMN": 0.44132927174984077,
      "VAN": 0.5287870134531122,
      "DAN": 0.5972173520445099,
      "FPN": 0.5655332812189331
    }
  },
  "seed": 42,
  "timesteps": 5000,
  "experience_level": "novice"
}