{
  "network_profiles": {
    "breath_focus": {
      "DMN": 0.3520441075110378,
      "VAN": 0.595747457277692,
      "DAN": 0.6896034127728059,
      "FPN": 0.6879324579536743
    },
    "mind_wandering": {
      "DMN": 0.512951194301129,
      "VAN": 0.6179377600500834,
      "DAN": 0.5043615397578599,
      "FPN": 0.5971051332540371
    },
    "meta_awareness": {
      "DMN": 0.4135981149075165,
      "VAN": 0.6627772442002653,
      "DAN": 0.5582583828804667,
      "FPN": 0.6637249940676757
    },
    "redirect_breath": {
      "DMN": 0.3805898846331894,
      "VAN": 0.6050595195772096,
      "DAN": 0.6358071153119983,
      "FPN": 0.7107550425146522
    }
  },
  "seed": 43,
  "timesteps": 3000,
  "experience_level": "expert",
  "natural_transitions": 301,
  "forced_transitions": 1
}