{
  "observed_network_means": {
    "breath_focus": {
      "DMN": 0.3983952428763404,
      "VAN": 0.46974047183024015,
      "DAN": 0.5975044636961304,
      "FPN": 0.631254226573353
    },
    "mind_wandering": {
      "DMN": 0.49790222279204827,
      "VAN": 0.44977317991108917,
      "DAN": 0.4837543028019381,
      "FPN": 0.5323989059514751
    },
    "meta_awareness": {
      "DMN": 0.4319736226797104,
      "VAN": 0.5337454682588577,
      "DAN": 0.5271774028539657,
      "FPN": 0.5374121123552322
    },
    "redirect_attention": {
      "DMN": 0.3865743198605366,
      "VAN": 0.5160755888332704,
      "DAN": 0.5893398390771463,
      "FPN": 0.6134576427071629
    }
  },
  "seed": 42,
  "timesteps": 5000,
  "experience_level": "expert"
}