{
  "observed_network_means": {
    "breath_focus": {
      "DMN": 0.3985428721830985,
      "VAN": 0.4731366786617759,
      "DAN": 0.5990852911645759,
      "FPN": 0.6408823580236479
    },
    "mind_wandering": {
      "DMN": 0.5765779338195282,
      "VAN": 0.46124522666987205,
      "DAN": 0.44474455213766956,
      "FPN": 0.5106579352085776
    },
    "meta_awareness": {
      "DMN": 0.4577787259922308,
      "VAN": 0.5505754117580021,
      "DAN": 0.5433907756034065,
      "FPN": 0.5698245220324573
    },
    "redirect_breath": {
      "DMN": 0.3846889441776718,
      "VAN": 0.5266515091234459,
      "DAN": 0.6267422523410027,
      "FPN": 0.6736378151136871
    }
  },
  "seed": 42,
  "timesteps": 5000,
  "experience_level": "expert"
}