{
  "network_profiles": {
    "breath_focus": {
      "DMN": 0.3894717112764249,
      "VAN": 0.45148349433657864,
      "DAN": 0.5080129990830148,
      "FPN": 0.35803273300152383
    },
    "mind_wandering": {
      "DMN": 0.4684760563691256,
      "VAN": 0.5209605846212974,
      "DAN": 0.39710432960352215,
      "FPN": 0.5162382805341547
    },
    "meta_awareness": {
      "DMN": 0.393078708809341,
      "VAN": 0.6691031131223155,
      "DAN": 0.480031999837957,
      "FPN": 0.5743262762680642
    },
    "redirect_breath": {
      "DMN": 0.41884392762758793,
      "VAN": 0.560260695410241,
      "DAN": 0.5760412797481996,
      "FPN": 0.4858637231215741
    }
  },
  "seed": 42,
  "timesteps": 3000,
  "experience_level": "expert"
}