{
  "observed_network_means": {
    "breath_focus": {
      "DMN": 0.48507040676515223,
      "VAN": 0.4978172497946968,
      "DAN": 0.5500541422574743,
      "FPN": 0.5424470771084552
    },
    "mind_wandering": {
      "DMN": 0.7643006733823113,
      "VAN": 0.35786096099309805,
      "DAN": 0.33254933308173973,
      "FPN": 0.35127041474348164
    },
    "meta_awareness": {
      "DMN": 0.568055557151293,
      "VAN": 0.5195566747851413,
      "DAN": 0.4034803818654397,
      "FPN": 0.3833256332396433
    },
    "redirect_attention": {
      "DMN": 0.45664869548857406,
      "VAN": 0.5516368401522683,
      "DAN": 0.5582969099184861,
      "FPN": 0.5603098381470533
    }
  },
  "seed": 42,
  "timesteps": 5000,
  "experience_level": "novice"
}