{
  "observed_network_means": {
    "breath_focus": {
      "DMN": 0.5533795917281215,
      "VAN": 0.5100800635283476,
      "DAN": 0.4853305322827453,
      "FPN": 0.5246635282904373
    },
    "mind_wandering": {
      "DMN": 0.7258832500628528,
      "VAN": 0.38964136350498574,
      "DAN": 0.36114318621357583,
      "FPN": 0.3927698021683961
    },
    "meta_awareness": {
      "DMN": 0.5797954145731501,
      "VAN": 0.5157605782501015,
      "DAN": 0.3901552527863095,
      "FPN": 0.3833884325735446
    },
    "redirect_breath": {
      "DMN": 0.4822539131922327,
      "VAN": 0.5441762664515502,
      "DAN": 0.5411285136345845,
      "FPN": 0.5739720380230314
    }
  },
  "seed": 42,
  "timesteps": 5000,
  "experience_level": "novice"
}