{
  "observed_network_means": {
    "breath_focus": {
      "DMN": 0.4001542800845184,
      "VAN": 0.456985652158667,
      "DAN": 0.5901397368619477,
      "FPN": 0.6388984127397065
    },
    "mind_wandering": {
      "DMN": 0.5220196616105115,
      "VAN": 0.43137261694446083,
      "DAN": 0.46700475283489723,
      "FPN": 0.513330819045739
    },
    "meta_awareness": {
      "DMN": 0.446214527964592,
      "VAN": 0.476678706407547,
      "DAN": 0.517613679766655,
      "FPN": 0.568990053653717
    },
    "redirect_attention": {
      "DMN": 0.39469075569595075,
      "VAN": 0.4711517365384929,
      "DAN": 0.5823604235137675,
      "FPN": 0.6364092486513901
    }
  },
  "seed": 42,
  "timesteps": 5000,
  "experience_level": "expert"
}