{
  "observed_network_means": {
    "breath_focus": {
      "DMN": 0.45287893689066516,
      "VAN": 0.4975528399629083,
      "DAN": 0.554401659014843,
      "FPN": 0.5519299821113114
    },
    "mind_wandering": {
      "DMN": 0.7550540285684714,
      "VAN": 0.34852030728375766,
      "DAN": 0.345521558289666,
      "FPN": 0.3664354156975339
    },
    "meta_awareness": {
      "DMN": 0.5442554131792537,
      "VAN": 0.506113059112224,
      "DAN": 0.4314675889266976,
      "FPN": 0.41180950216948986
    },
    "redirect_attention": {
      "DMN": 0.4265602702158119,
      "VAN": 0.5385493534823061,
      "DAN": 0.5840589606722589,
      "FPN": 0.591934615039196
    }
  },
  "seed": 42,
  "timesteps": 5000,
  "experience_level": "novice"
}