{
  "observed_network_means": {
    "breath_focus": {
      "DMN": 0.4116213536685897,
      "VAN": 0.4591012286601841,
      "DAN": 0.5916472993711167,
      "FPN": 0.6463399973900901
    },
    "mind_wandering": {
      "DMN": 0.5645472736846703,
      "VAN": 0.4711921041332834,
      "DAN": 0.43880973947981244,
      "FPN": 0.49728459043129586
    },
    "meta_awareness": {
      "DMN": 0.5656095171865091,
      "VAN": 0.4938473629753619,
      "DAN": 0.41166406016626794,
      "FPN": 0.49288976513993193
    },
    "redirect_breath": {
      "DMN": 0.45683119598955046,
      "VAN": 0.4859680487859718,
      "DAN": 0.5571547410894169,
      "FPN": 0.6375037853374231
    }
  },
  "seed": 42,
  "timesteps": 5000,
  "experience_level": "expert"
}