{
  "l3tol2_precision_range": [
    0.4,
    0.6
  ],
  "kl_beta": 0.55,
  "learning_rate": 0.02,
  "average_free_energy_by_state": {
    "breath_focus": 0.009088789775962818,
    "mind_wandering": 0.28693250544260124,
    "meta_awareness": 0.012256777132972189,
    "redirect_breath": 0.012118717208020872
  },
  "average_efe_by_state": {
    "breath_focus": 0.9281702665799054,
    "mind_wandering": 0.9202408446963667,
    "meta_awareness": 0.8939011482262954,
    "redirect_breath": 0.9380609320372051
  },
  "average_prediction_error_by_state": {
    "breath_focus": 0.002054175848930542,
    "mind_wandering": 0.0028052925289151036,
    "meta_awareness": 0.003656814095544784,
    "redirect_breath": 0.0022323940982271057
  },
  "average_precision_by_state": {
    "breath_focus": 0.4843123045197909,
    "mind_wandering": 0.4557085329764108,
    "meta_awareness": 0.49372442372291986,
    "redirect_breath": 0.4981108004874186
  }
}