{
  "l3tol2_precision_range": [
    0.4,
    0.6
  ],
  "kl_beta": 1.0,
  "l2_vi_steps": 2,
  "l2_vi_lr": 0.24,
  "l2_vi_obs_weight": 1.0,
  "l2_vi_prior_weight": 1.0,
  "l2_vi_sensory_weight": 0.35,
  "l2_vi_temporal_weight": 0.12,
  "l2_vi_grad_clip": 5.0,
  "efe_ambiguity_weight": 0.4,
  "efe_cycle_strength": 0.35,
  "efe_gain": 0.35,
  "policy_horizon": 1,
  "policy_temperature": 1.0,
  "policy_temperature_by_state": {
    "breath_focus": 1.8,
    "mind_wandering": 1.15,
    "meta_awareness": 0.95,
    "redirect_attention": 1.0
  },
  "policy_horizon_discount": 0.6,
  "learning_rate": 0.01,
  "average_free_energy_by_state": {
    "breath_focus": 0.29131985421212303,
    "mind_wandering": 0.36733494411296425,
    "meta_awareness": 0.157142644649065,
    "redirect_attention": 0.18838824074843835
  },
  "average_efe_by_state": {
    "breath_focus": 1.9640895876614652,
    "mind_wandering": 4.243984024173841,
    "meta_awareness": 3.0340941506167036,
    "redirect_attention": 2.195446490455153
  },
  "average_efe_risk_by_state": {
    "breath_focus": 1.015503073967655,
    "mind_wandering": 3.243424956024712,
    "meta_awareness": 2.038755457488591,
    "redirect_attention": 1.111713596261257
  },
  "average_efe_ambiguity_by_state": {
    "breath_focus": 2.371466284234527,
    "mind_wandering": 2.501397670372821,
    "meta_awareness": 2.4883467328202835,
    "redirect_attention": 2.7093322354847387
  },
  "average_policy_confidence_by_state": {
    "breath_focus": 0.990782547136635,
    "mind_wandering": 0.9886741269536189,
    "meta_awareness": 0.9993992199426985,
    "redirect_attention": 0.999813866726718
  },
  "average_policy_entropy_by_state": {
    "breath_focus": 0.058592163290969744,
    "mind_wandering": 0.0697886879581127,
    "meta_awareness": 0.0054104962115447556,
    "redirect_attention": 0.0019126671183780709
  },
  "average_mw_burden_by_state": {
    "breath_focus": 0.02791995511190595,
    "mind_wandering": 0.3315369769730091,
    "meta_awareness": 0.2071561426492845,
    "redirect_attention": 0.07904237289077629
  },
  "average_transition_hazard_by_state": {
    "breath_focus": 0.024727378828677718,
    "mind_wandering": 0.004266198591643369,
    "meta_awareness": 0.10063998803444117,
    "redirect_attention": 0.06038816427863823
  },
  "average_activation_burden_component_by_state": {
    "breath_focus": 0.7017841523975221,
    "mind_wandering": 0.3618916587561259,
    "meta_awareness": 1.2072173407137552,
    "redirect_attention": 0.917704004042589
  },
  "average_coupling_burden_component_by_state": {
    "breath_focus": 0.24374999105930328,
    "mind_wandering": 0.16875000670552254,
    "meta_awareness": 0.46875,
    "redirect_attention": 0.4125000089406967
  },
  "average_action_pred_error_by_state": {
    "breath_focus": 0.012267524250780456,
    "mind_wandering": 0.007041856417118168,
    "meta_awareness": 0.0131886663875407,
    "redirect_attention": 0.01777038258041348
  },
  "ra_reorienting_success_rate": 0.9259259259259259,
  "average_latent_reconstruction_by_state": {
    "breath_focus": 0.011875389219314645,
    "mind_wandering": 0.007066863778007085,
    "meta_awareness": 0.0100627210866542,
    "redirect_attention": 0.015762618004484197
  },
  "average_latent_prior_kl_by_state": {
    "breath_focus": 0.0570379432751314,
    "mind_wandering": 0.050478837718921046,
    "meta_awareness": 0.056750952659905714,
    "redirect_attention": 0.041509562687717876
  },
  "average_latent_sensory_consistency_by_state": {
    "breath_focus": 0.032736789609899716,
    "mind_wandering": 0.029475827714462003,
    "meta_awareness": 0.024783911011358604,
    "redirect_attention": 0.03002767773103309
  },
  "average_latent_temporal_consistency_by_state": {
    "breath_focus": 0.010480247305862393,
    "mind_wandering": 0.009600360274093524,
    "meta_awareness": 0.0089644095878105,
    "redirect_attention": 0.008421277048342066
  },
  "average_latent_vfe_total_by_state": {
    "breath_focus": 0.07560530575465156,
    "mind_wandering": 0.06395127573843606,
    "meta_awareness": 0.07211669957901858,
    "redirect_attention": 0.0632293871537788
  },
  "average_prediction_error_by_state": {
    "breath_focus": 0.011936857193355962,
    "mind_wandering": 0.0060039236258258915,
    "meta_awareness": 0.010124558755775023,
    "redirect_attention": 0.01569342112020376
  },
  "average_precision_by_state": {
    "breath_focus": 0.5249378621183381,
    "mind_wandering": 0.4933698524844792,
    "meta_awareness": 0.5179217806748756,
    "redirect_attention": 0.5304667822395022
  }
}