{
  "l3tol2_precision_range": [
    0.4,
    0.6
  ],
  "kl_beta": 1.0,
  "learning_rate": 0.01,
  "average_free_energy_by_state": {
    "breath_focus": 0.03589314008219576,
    "mind_wandering": 0.03383988297839717,
    "meta_awareness": 0.03377118750409111,
    "redirect_attention": 0.041116837780959536
  },
  "average_efe_by_state": {
    "breath_focus": 0.9542137802153496,
    "mind_wandering": 1.0245412712050403,
    "meta_awareness": 1.0095709358872154,
    "redirect_attention": 1.0852796361513009
  },
  "average_prediction_error_by_state": {
    "breath_focus": 0.006963877873669905,
    "mind_wandering": 0.0035971100440148314,
    "meta_awareness": 0.007897588592609752,
    "redirect_attention": 0.009897138071615286
  },
  "average_precision_by_state": {
    "breath_focus": 0.48727423296216316,
    "mind_wandering": 0.42814648062064314,
    "meta_awareness": 0.47984598563300174,
    "redirect_attention": 0.5044683704766287
  }
}