{
  "precision_weight": 0.4,
  "complexity_penalty": 0.4,
  "learning_rate": 0.01,
  "average_free_energy_by_state": {
    "breath_focus": 1.8925801004406189,
    "mind_wandering": 1.5863218742913732,
    "meta_awareness": 2.090779754053481,
    "redirect_breath": 1.5832492226289103
  },
  "average_prediction_error_by_state": {
    "breath_focus": 0.6408822629254532,
    "mind_wandering": 1.2244003284542044,
    "meta_awareness": 1.4867623436051152,
    "redirect_breath": 0.6288677469768734
  },
  "average_precision_by_state": {
    "breath_focus": 0.6970701721281154,
    "mind_wandering": 0.6071387286404096,
    "meta_awareness": 0.7638393526690046,
    "redirect_breath": 0.7311233697114489
  },
  "network_expectations": {
    "breath_focus": {
      "DMN": 0.5475160693627211,
      "VAN": 0.5065337608217791,
      "DAN": 0.6000612355339746,
      "FPN": 0.6562999620685303
    },
    "mind_wandering": {
      "DMN": 0.6295763393671916,
      "VAN": 0.4469519462375253,
      "DAN": 0.36347539445716015,
      "FPN": 0.4405152621053995
    },
    "meta_awareness": {
      "DMN": 0.5019242921473607,
      "VAN": 0.618665029809663,
      "DAN": 0.5257217873830629,
      "FPN": 0.5882019240697218
    },
    "redirect_breath": {
      "DMN": 0.4659035929090651,
      "VAN": 0.5011395757158918,
      "DAN": 0.5988272831662952,
      "FPN": 0.6325628108599429
    }
  }
}