{
  "precision_weight": 0.4,
  "complexity_penalty": 0.4,
  "learning_rate": 0.01,
  "average_free_energy_by_state": {
    "breath_focus": 0.10204453112219757,
    "mind_wandering": 0.0441602721442808,
    "meta_awareness": 0.16571338663685492,
    "redirect_breath": 0.19544104428181575
  },
  "average_prediction_error_by_state": {
    "breath_focus": 0.025160856621421916,
    "mind_wandering": 0.020768012719644638,
    "meta_awareness": 0.024281639818354146,
    "redirect_breath": 0.04254394708031386
  },
  "average_precision_by_state": {
    "breath_focus": 0.7039771052348747,
    "mind_wandering": 0.6254388761817298,
    "meta_awareness": 0.7720560302826138,
    "redirect_breath": 0.7443465443016404
  },
  "network_expectations": {}
}