{
  "l3tol2_precision_range": [
    0.4,
    0.6
  ],
  "kl_beta": 0.55,
  "learning_rate": 0.02,
  "average_free_energy_by_state": {
    "breath_focus": 0.009088789724065034,
    "mind_wandering": 0.28693251304078166,
    "meta_awareness": 0.012256778694877755,
    "redirect_breath": 0.01211871798089766
  },
  "average_efe_by_state": {
    "breath_focus": 0.9281702665778401,
    "mind_wandering": 0.9202408446955386,
    "meta_awareness": 0.893901148220171,
    "redirect_breath": 0.9380609320367657
  },
  "average_prediction_error_by_state": {
    "breath_focus": 0.0020541756932593515,
    "mind_wandering": 0.002805292816227692,
    "meta_awareness": 0.003656814592432056,
    "redirect_breath": 0.0022323944858372116
  },
  "average_precision_by_state": {
    "breath_focus": 0.48431230473188297,
    "mind_wandering": 0.4557085330699826,
    "meta_awareness": 0.49372442376553527,
    "redirect_breath": 0.4981108004932266
  }
}