{
  "precision_weight": null,
  "complexity_penalty": null,
  "learning_rate": 0.01,
  "average_free_energy_by_state": {
    "breath_focus": 0.2845003831260387,
    "mind_wandering": 0.15466225819043822,
    "meta_awareness": 0.15475695628015435,
    "redirect_breath": 0.2847998300186026
  },
  "average_prediction_error_by_state": {
    "breath_focus": 0.11308121799541573,
    "mind_wandering": 0.021480859889123998,
    "meta_awareness": 0.05244301579125664,
    "redirect_breath": 0.17513088291042556
  },
  "average_precision_by_state": {
    "breath_focus": 0.7023928883394039,
    "mind_wandering": 0.6188791155881109,
    "meta_awareness": 0.7691194839665377,
    "redirect_breath": 0.7460849364953209
  },
  "network_expectations": {}
}