{
  "l3tol2_precision_range": [
    0.4,
    0.6
  ],
  "kl_beta": 1.0,
  "learning_rate": 0.01,
  "average_free_energy_by_state": {
    "breath_focus": 0.03519494972941159,
    "mind_wandering": 0.031255890824184486,
    "meta_awareness": 0.02775290061928501,
    "redirect_breath": 0.03215205465989562
  },
  "average_efe_by_state": {
    "breath_focus": 0.95519590843264,
    "mind_wandering": 1.0383977775646935,
    "meta_awareness": 1.0043598475993365,
    "redirect_breath": 1.0804386581659862
  },
  "average_prediction_error_by_state": {
    "breath_focus": 0.005935706099704271,
    "mind_wandering": 0.0032609621898617943,
    "meta_awareness": 0.007281678303051623,
    "redirect_breath": 0.006801045753514241
  },
  "average_precision_by_state": {
    "breath_focus": 0.4856151058003686,
    "mind_wandering": 0.4512507451444614,
    "meta_awareness": 0.48505542900996407,
    "redirect_breath": 0.501914151411242
  }
}