{
  "l3tol2_precision_range": [
    0.4,
    0.6
  ],
  "kl_beta": 1.0,
  "l2_vi_steps": 2,
  "l2_vi_lr": 0.24,
  "l2_vi_obs_weight": 1.0,
  "l2_vi_prior_weight": 1.0,
  "l2_vi_sensory_weight": 0.35,
  "l2_vi_temporal_weight": 0.12,
  "l2_vi_grad_clip": 5.0,
  "efe_ambiguity_weight": 0.4,
  "efe_cycle_strength": 0.35,
  "efe_gain": 0.35,
  "policy_horizon": 1,
  "policy_temperature": 1.0,
  "policy_temperature_by_state": {
    "breath_focus": 1.8,
    "mind_wandering": 1.15,
    "meta_awareness": 0.95,
    "redirect_attention": 1.0
  },
  "policy_horizon_discount": 0.6,
  "learning_rate": 0.01,
  "average_free_energy_by_state": {
    "breath_focus": 0.3229744541756891,
    "mind_wandering": 0.3173036238435728,
    "meta_awareness": 0.22270680250679342,
    "redirect_attention": 0.259521374535609
  },
  "average_efe_by_state": {
    "breath_focus": 1.9640969541203819,
    "mind_wandering": 4.243984024173841,
    "meta_awareness": 3.0340941506167036,
    "redirect_attention": 2.195446490455153
  },
  "average_efe_risk_by_state": {
    "breath_focus": 1.0155104169634486,
    "mind_wandering": 3.2434249560247124,
    "meta_awareness": 2.0387554574885907,
    "redirect_attention": 1.111713596261257
  },
  "average_efe_ambiguity_by_state": {
    "breath_focus": 2.371466342892334,
    "mind_wandering": 2.5013976703728216,
    "meta_awareness": 2.4883467328202835,
    "redirect_attention": 2.7093322354847387
  },
  "average_policy_confidence_by_state": {
    "breath_focus": 0.9907828887740034,
    "mind_wandering": 0.9886741269536189,
    "meta_awareness": 0.9993992199426985,
    "redirect_attention": 0.999813866726718
  },
  "average_policy_entropy_by_state": {
    "breath_focus": 0.058590197899736705,
    "mind_wandering": 0.06978868795811269,
    "meta_awareness": 0.005410496211544756,
    "redirect_attention": 0.0019126671183780709
  },
  "average_mw_burden_by_state": {
    "breath_focus": 0.02800588946561222,
    "mind_wandering": 0.3543940735134878,
    "meta_awareness": 0.21197270375888774,
    "redirect_attention": 0.08058653408986799
  },
  "average_transition_hazard_by_state": {
    "breath_focus": 0.02467735533754187,
    "mind_wandering": 0.0034587625919811262,
    "meta_awareness": 0.10277763195832547,
    "redirect_attention": 0.060590189840221596
  },
  "average_activation_burden_component_by_state": {
    "breath_focus": 0.6666891896756416,
    "mind_wandering": 0.3900401266052985,
    "meta_awareness": 1.3062989577542852,
    "redirect_attention": 0.8920158599850754
  },
  "average_coupling_burden_component_by_state": {
    "breath_focus": 0.24374999105930328,
    "mind_wandering": 0.16875000670552254,
    "meta_awareness": 0.46875,
    "redirect_attention": 0.4125000089406967
  },
  "ra_reorienting_success_rate": 0.9259259259259259,
  "average_latent_reconstruction_by_state": {
    "breath_focus": 0.013843414924034507,
    "mind_wandering": 0.006976571638954827,
    "meta_awareness": 0.011933097750561797,
    "redirect_attention": 0.019068920893715525
  },
  "average_latent_prior_kl_by_state": {
    "breath_focus": 0.07050404061561256,
    "mind_wandering": 0.058531628576090455,
    "meta_awareness": 0.0562009926334509,
    "redirect_attention": 0.0419439889195906
  },
  "average_latent_sensory_consistency_by_state": {
    "breath_focus": 0.03305042966599957,
    "mind_wandering": 0.027503921422318584,
    "meta_awareness": 0.025579638716141533,
    "redirect_attention": 0.02978669423666645
  },
  "average_latent_temporal_consistency_by_state": {
    "breath_focus": 0.009656066581746666,
    "mind_wandering": 0.008219893767322756,
    "meta_awareness": 0.008668954857627401,
    "redirect_attention": 0.010891648063258576
  },
  "average_latent_vfe_total_by_state": {
    "breath_focus": 0.0911171031626513,
    "mind_wandering": 0.07149077702353218,
    "meta_awareness": 0.07360153972056874,
    "redirect_attention": 0.06725163009720449
  },
  "average_prediction_error_by_state": {
    "breath_focus": 0.013170337015876,
    "mind_wandering": 0.006647532512060349,
    "meta_awareness": 0.012129443136197316,
    "redirect_attention": 0.0182389979034428
  },
  "average_precision_by_state": {
    "breath_focus": 0.5110662818005482,
    "mind_wandering": 0.48214175398067277,
    "meta_awareness": 0.5125881206646214,
    "redirect_attention": 0.5278697387874821
  }
}