{
  "precision_weight": null,
  "complexity_penalty": null,
  "learning_rate": 0.02,
  "average_free_energy_by_state": {
    "breath_focus": 0.09112264096372033,
    "mind_wandering": 0.11187154624606649,
    "meta_awareness": 0.15262349841931294,
    "redirect_breath": 0.11860749271493089
  },
  "average_prediction_error_by_state": {
    "breath_focus": 0.008331465963271044,
    "mind_wandering": 0.009677134430865523,
    "meta_awareness": 0.011055505378559852,
    "redirect_breath": 0.009276429537024697
  },
  "average_precision_by_state": {
    "breath_focus": 0.7523668218376046,
    "mind_wandering": 0.6546327479258651,
    "meta_awareness": 0.793022598674622,
    "redirect_breath": 0.8120013403767028
  },
  "network_expectations": {}
}