{
  "precision_weight": 0.4,
  "complexity_penalty": 0.4,
  "learning_rate": 0.01,
  "average_free_energy_by_state": {
    "breath_focus": 0.06886488342505304,
    "mind_wandering": 0.03337440453409064,
    "meta_awareness": 0.10481628196666369,
    "redirect_breath": 0.11075581786912177
  },
  "average_prediction_error_by_state": {
    "breath_focus": 0.02246787560857857,
    "mind_wandering": 0.019452031314341173,
    "meta_awareness": 0.02731645828918428,
    "redirect_breath": 0.033743254021384644
  },
  "average_precision_by_state": {
    "breath_focus": 0.7011212596470213,
    "mind_wandering": 0.620333967765473,
    "meta_awareness": 0.7641678928712048,
    "redirect_breath": 0.7483338339063506
  },
  "network_expectations": {}
}