{
  "l3tol2_precision_range": [
    0.4,
    0.6
  ],
  "kl_beta": 1.0,
  "learning_rate": 0.01,
  "average_free_energy_by_state": {
    "breath_focus": 0.033943757116971236,
    "mind_wandering": 0.03352913572965359,
    "meta_awareness": 0.023617210218528056,
    "redirect_breath": 0.03315024490796589
  },
  "average_efe_by_state": {
    "breath_focus": 0.9551660503586467,
    "mind_wandering": 1.0383966589285474,
    "meta_awareness": 1.0043560059417487,
    "redirect_breath": 1.0804466421793713
  },
  "average_prediction_error_by_state": {
    "breath_focus": 0.006504711292146654,
    "mind_wandering": 0.0031443742580382823,
    "meta_awareness": 0.006448325003152455,
    "redirect_breath": 0.008090114031549587
  },
  "average_precision_by_state": {
    "breath_focus": 0.4862079647335017,
    "mind_wandering": 0.4514199094141814,
    "meta_awareness": 0.48537445719476463,
    "redirect_breath": 0.5023743161003891
  }
}