{
  "l3tol2_precision_range": [
    0.4,
    0.6
  ],
  "kl_beta": 0.55,
  "l2_vi_steps": 2,
  "l2_vi_lr": 0.24,
  "l2_vi_obs_weight": 1.0,
  "l2_vi_prior_weight": 1.0,
  "l2_vi_sensory_weight": 0.35,
  "l2_vi_temporal_weight": 0.12,
  "l2_vi_grad_clip": 5.0,
  "efe_ambiguity_weight": 0.35,
  "efe_cycle_strength": 0.35,
  "efe_gain": 0.35,
  "policy_horizon": 1,
  "policy_temperature": 1.0,
  "policy_temperature_by_state": {
    "breath_focus": 1.05,
    "mind_wandering": 0.95,
    "meta_awareness": 0.85,
    "redirect_attention": 0.9
  },
  "policy_horizon_discount": 0.6,
  "learning_rate": 0.02,
  "average_free_energy_by_state": {
    "breath_focus": 0.15559768182840308,
    "mind_wandering": 0.20407118561995166,
    "meta_awareness": 0.10779988837242127,
    "redirect_attention": 0.10126991727468719
  },
  "average_efe_by_state": {
    "breath_focus": 7.018321424808955,
    "mind_wandering": 5.508660332143364,
    "meta_awareness": 2.3276922699979212,
    "redirect_attention": 5.260942472811793
  },
  "average_efe_risk_by_state": {
    "breath_focus": 6.108992393561955,
    "mind_wandering": 4.610574555501134,
    "meta_awareness": 1.4532691864477019,
    "redirect_attention": 4.331293666537068
  },
  "average_efe_ambiguity_by_state": {
    "breath_focus": 2.5980829464200057,
    "mind_wandering": 2.5659593618349454,
    "meta_awareness": 2.49835166728634,
    "redirect_attention": 2.656139446499219
  },
  "average_policy_confidence_by_state": {
    "breath_focus": 0.7144145971932562,
    "mind_wandering": 0.963421477090806,
    "meta_awareness": 0.9999175594378845,
    "redirect_attention": 0.95832281267988
  },
  "average_policy_entropy_by_state": {
    "breath_focus": 0.7285369906023555,
    "mind_wandering": 0.17844875610001035,
    "meta_awareness": 0.0008948152787326846,
    "redirect_attention": 0.1794338860124921
  },
  "average_mw_burden_by_state": {
    "breath_focus": 0.0015171148966905356,
    "mind_wandering": 0.15149930350397892,
    "meta_awareness": 0.05276869715041135,
    "redirect_attention": 0.020026913500773357
  },
  "average_transition_hazard_by_state": {
    "breath_focus": 0.013520727029159796,
    "mind_wandering": 0.013372536985051586,
    "meta_awareness": 0.12903432635661877,
    "redirect_attention": 0.10630324362474762
  },
  "average_activation_burden_component_by_state": {
    "breath_focus": 0.07427235792369058,
    "mind_wandering": 0.11918370079040337,
    "meta_awareness": 0.2369843184854835,
    "redirect_attention": 0.11423927372191484
  },
  "average_coupling_burden_component_by_state": {
    "breath_focus": 0.14624999463558197,
    "mind_wandering": 0.10125000402331352,
    "meta_awareness": 0.34874998927116396,
    "redirect_attention": 0.24750000536441802
  },
  "average_action_pred_error_by_state": {
    "breath_focus": 0.003507870105240137,
    "mind_wandering": 0.003994937930527226,
    "meta_awareness": 0.0061411338130710645,
    "redirect_attention": 0.004210099743001423
  },
  "ra_reorienting_success_rate": 0.8571428571428571,
  "average_latent_reconstruction_by_state": {
    "breath_focus": 0.00259696426826703,
    "mind_wandering": 0.003395404682217098,
    "meta_awareness": 0.004457015967229382,
    "redirect_attention": 0.0033071340057684536
  },
  "average_latent_prior_kl_by_state": {
    "breath_focus": 0.040769806931490536,
    "mind_wandering": 0.06136883470893733,
    "meta_awareness": 0.059018415853381155,
    "redirect_attention": 0.06226679612221402
  },
  "average_latent_sensory_consistency_by_state": {
    "breath_focus": 0.022797441565366894,
    "mind_wandering": 0.05041412823357989,
    "meta_awareness": 0.024146119030192495,
    "redirect_attention": 0.04462038050479129
  },
  "average_latent_temporal_consistency_by_state": {
    "breath_focus": 0.008758395358206867,
    "mind_wandering": 0.009230524127570635,
    "meta_awareness": 0.013483895884826779,
    "redirect_attention": 0.01133838525829302
  },
  "average_latent_vfe_total_by_state": {
    "breath_focus": 0.04817701248660577,
    "mind_wandering": 0.07474527324490601,
    "meta_awareness": 0.06912031926214696,
    "redirect_attention": 0.074243535496271
  },
  "average_prediction_error_by_state": {
    "breath_focus": 0.0025991179913109315,
    "mind_wandering": 0.0033443680142381397,
    "meta_awareness": 0.004464053124422208,
    "redirect_attention": 0.003350103821268317
  },
  "average_precision_by_state": {
    "breath_focus": 0.5286091051151375,
    "mind_wandering": 0.49680509198638395,
    "meta_awareness": 0.5242222742931338,
    "redirect_attention": 0.5367459963044185
  }
}