{
  "l3tol2_precision_range": [
    0.4,
    0.6
  ],
  "kl_beta": 1.0,
  "l2_vi_steps": 2,
  "l2_vi_lr": 0.24,
  "l2_vi_obs_weight": 1.0,
  "l2_vi_prior_weight": 1.0,
  "l2_vi_sensory_weight": 0.35,
  "l2_vi_temporal_weight": 0.12,
  "l2_vi_grad_clip": 5.0,
  "efe_ambiguity_weight": 0.4,
  "efe_cycle_strength": 0.35,
  "efe_gain": 0.35,
  "policy_horizon": 1,
  "policy_temperature": 1.0,
  "policy_temperature_by_state": {
    "breath_focus": 1.8,
    "mind_wandering": 1.15,
    "meta_awareness": 0.95,
    "redirect_attention": 1.0
  },
  "policy_horizon_discount": 0.6,
  "learning_rate": 0.01,
  "average_free_energy_by_state": {
    "breath_focus": 0.26845202465062634,
    "mind_wandering": 0.3969267032375044,
    "meta_awareness": 0.19044824766186544,
    "redirect_attention": 0.19029344044036361
  },
  "average_efe_by_state": {
    "breath_focus": 1.9641165198747743,
    "mind_wandering": 4.243984024173841,
    "meta_awareness": 3.0340941506167036,
    "redirect_attention": 2.195446490455153
  },
  "average_efe_risk_by_state": {
    "breath_focus": 1.0155299205014634,
    "mind_wandering": 3.2434249560247124,
    "meta_awareness": 2.0387554574885907,
    "redirect_attention": 1.111713596261257
  },
  "average_efe_ambiguity_by_state": {
    "breath_focus": 2.371466498433278,
    "mind_wandering": 2.5013976703728216,
    "meta_awareness": 2.4883467328202835,
    "redirect_attention": 2.7093322354847387
  },
  "average_policy_confidence_by_state": {
    "breath_focus": 0.9907837586352365,
    "mind_wandering": 0.9886741269536189,
    "meta_awareness": 0.9993992199426985,
    "redirect_attention": 0.999813866726718
  },
  "average_policy_entropy_by_state": {
    "breath_focus": 0.05858517605973446,
    "mind_wandering": 0.06978868795811269,
    "meta_awareness": 0.005410496211544756,
    "redirect_attention": 0.0019126671183780709
  },
  "average_mw_burden_by_state": {
    "breath_focus": 0.0276574376137067,
    "mind_wandering": 0.3396315519862414,
    "meta_awareness": 0.2090386452418098,
    "redirect_attention": 0.07931681054091991
  },
  "average_transition_hazard_by_state": {
    "breath_focus": 0.02467179471546951,
    "mind_wandering": 0.003449785386112391,
    "meta_awareness": 0.10236276017303367,
    "redirect_attention": 0.06051806333093447
  },
  "average_activation_burden_component_by_state": {
    "breath_focus": 0.7882705905358628,
    "mind_wandering": 0.3723408722512508,
    "meta_awareness": 1.2883486351971183,
    "redirect_attention": 0.900275129920217
  },
  "average_coupling_burden_component_by_state": {
    "breath_focus": 0.24374999105930328,
    "mind_wandering": 0.16875000670552254,
    "meta_awareness": 0.46875,
    "redirect_attention": 0.4125000089406967
  },
  "average_action_pred_error_by_state": {
    "breath_focus": 0.013345464673684807,
    "mind_wandering": 0.006984296764916926,
    "meta_awareness": 0.012075188596713074,
    "redirect_attention": 0.016851663987603772
  },
  "ra_reorienting_success_rate": 0.9259259259259259,
  "average_latent_reconstruction_by_state": {
    "breath_focus": 0.014904401539611603,
    "mind_wandering": 0.006815778424269281,
    "meta_awareness": 0.011872540502877553,
    "redirect_attention": 0.019128584688927027
  },
  "average_latent_prior_kl_by_state": {
    "breath_focus": 0.04746178320093002,
    "mind_wandering": 0.045341122591824996,
    "meta_awareness": 0.05790542437692633,
    "redirect_attention": 0.02775875951822764
  },
  "average_latent_sensory_consistency_by_state": {
    "breath_focus": 0.02288098972769779,
    "mind_wandering": 0.026693935471288465,
    "meta_awareness": 0.025001963916792533,
    "redirect_attention": 0.021375529532760958
  },
  "average_latent_temporal_consistency_by_state": {
    "breath_focus": 0.010314598484489056,
    "mind_wandering": 0.009061320362072193,
    "meta_awareness": 0.010110145761517057,
    "redirect_attention": 0.011657005192005429
  },
  "average_latent_vfe_total_by_state": {
    "breath_focus": 0.06745381539412024,
    "mind_wandering": 0.05808743300017605,
    "meta_awareness": 0.0753133552228299,
    "redirect_attention": 0.05182064185202363
  },
  "average_prediction_error_by_state": {
    "breath_focus": 0.01289699195458083,
    "mind_wandering": 0.0065686919114921445,
    "meta_awareness": 0.012232163690866781,
    "redirect_attention": 0.01754419372249848
  },
  "average_precision_by_state": {
    "breath_focus": 0.5168268365409631,
    "mind_wandering": 0.485321086861484,
    "meta_awareness": 0.5123784438774508,
    "redirect_attention": 0.5290594946611419
  }
}