{
  "l3tol2_precision_range": [
    0.4,
    0.6
  ],
  "kl_beta": 0.55,
  "l2_vi_steps": 2,
  "l2_vi_lr": 0.24,
  "l2_vi_obs_weight": 1.0,
  "l2_vi_prior_weight": 1.0,
  "l2_vi_sensory_weight": 0.35,
  "l2_vi_temporal_weight": 0.12,
  "l2_vi_grad_clip": 5.0,
  "efe_ambiguity_weight": 0.35,
  "efe_cycle_strength": 0.35,
  "efe_gain": 0.35,
  "policy_horizon": 1,
  "policy_temperature": 1.0,
  "policy_temperature_by_state": {
    "breath_focus": 1.05,
    "mind_wandering": 0.95,
    "meta_awareness": 0.85,
    "redirect_attention": 0.9
  },
  "policy_horizon_discount": 0.6,
  "learning_rate": 0.02,
  "average_free_energy_by_state": {
    "breath_focus": 0.13298164886786332,
    "mind_wandering": 0.21174849248924224,
    "meta_awareness": 0.08842498697340488,
    "redirect_attention": 0.10299557811736308
  },
  "average_efe_by_state": {
    "breath_focus": 7.018321424808955,
    "mind_wandering": 5.508660332143364,
    "meta_awareness": 2.3276922699979212,
    "redirect_attention": 5.260942472811793
  },
  "average_efe_risk_by_state": {
    "breath_focus": 6.108992393561955,
    "mind_wandering": 4.610574555501134,
    "meta_awareness": 1.4532691864477019,
    "redirect_attention": 4.331293666537068
  },
  "average_efe_ambiguity_by_state": {
    "breath_focus": 2.5980829464200057,
    "mind_wandering": 2.5659593618349454,
    "meta_awareness": 2.49835166728634,
    "redirect_attention": 2.656139446499219
  },
  "average_policy_confidence_by_state": {
    "breath_focus": 0.7144145971932562,
    "mind_wandering": 0.963421477090806,
    "meta_awareness": 0.9999175594378845,
    "redirect_attention": 0.95832281267988
  },
  "average_policy_entropy_by_state": {
    "breath_focus": 0.7285369906023555,
    "mind_wandering": 0.17844875610001035,
    "meta_awareness": 0.0008948152787326846,
    "redirect_attention": 0.1794338860124921
  },
  "average_mw_burden_by_state": {
    "breath_focus": 0.0015477513545453288,
    "mind_wandering": 0.16196907870696478,
    "meta_awareness": 0.05419445936338185,
    "redirect_attention": 0.020266572857767503
  },
  "average_transition_hazard_by_state": {
    "breath_focus": 0.013522544897329061,
    "mind_wandering": 0.013463455131743945,
    "meta_awareness": 0.1293898980459624,
    "redirect_attention": 0.10630620234813284
  },
  "average_activation_burden_component_by_state": {
    "breath_focus": 0.0743072860376208,
    "mind_wandering": 0.13121400936033098,
    "meta_awareness": 0.2355634108441882,
    "redirect_attention": 0.08347551430873382
  },
  "average_coupling_burden_component_by_state": {
    "breath_focus": 0.14624999463558197,
    "mind_wandering": 0.10125000402331352,
    "meta_awareness": 0.34874998927116396,
    "redirect_attention": 0.24750000536441802
  },
  "ra_reorienting_success_rate": 0.8571428571428571,
  "average_latent_reconstruction_by_state": {
    "breath_focus": 0.002518605693801186,
    "mind_wandering": 0.0032927217801919737,
    "meta_awareness": 0.00491843356564641,
    "redirect_attention": 0.0031674229883759983
  },
  "average_latent_prior_kl_by_state": {
    "breath_focus": 0.04595479086543267,
    "mind_wandering": 0.0694796383095264,
    "meta_awareness": 0.09032335007190705,
    "redirect_attention": 0.085251856348492
  },
  "average_latent_sensory_consistency_by_state": {
    "breath_focus": 0.027135022561608036,
    "mind_wandering": 0.052887871059274595,
    "meta_awareness": 0.03647126674279571,
    "redirect_attention": 0.053883514887056894
  },
  "average_latent_temporal_consistency_by_state": {
    "breath_focus": 0.008427647867370403,
    "mind_wandering": 0.008773108550801654,
    "meta_awareness": 0.014461014706641436,
    "redirect_attention": 0.011987083209590393
  },
  "average_latent_vfe_total_by_state": {
    "breath_focus": 0.053948516933939185,
    "mind_wandering": 0.08323877577656245,
    "meta_awareness": 0.10314899590611458,
    "redirect_attention": 0.09880551293915378
  },
  "average_prediction_error_by_state": {
    "breath_focus": 0.0025105955882641024,
    "mind_wandering": 0.0032771495026381035,
    "meta_awareness": 0.004894913008552976,
    "redirect_attention": 0.003182741112918747
  },
  "average_precision_by_state": {
    "breath_focus": 0.5302214508349248,
    "mind_wandering": 0.48933413312013263,
    "meta_awareness": 0.5193290681289888,
    "redirect_attention": 0.5278853684494988
  }
}