{
  "l3tol2_precision_range": [
    0.4,
    0.6
  ],
  "kl_beta": 0.55,
  "learning_rate": 0.02,
  "average_free_energy_by_state": {
    "breath_focus": 0.010183426941015577,
    "mind_wandering": 0.2731933918212838,
    "meta_awareness": 0.014095580263875447,
    "redirect_breath": 0.01476828431734791
  },
  "average_efe_by_state": {
    "breath_focus": 0.9281690556003191,
    "mind_wandering": 0.92024237375312,
    "meta_awareness": 0.8938719180593805,
    "redirect_breath": 0.9380584257146837
  },
  "average_prediction_error_by_state": {
    "breath_focus": 0.0019395260157852637,
    "mind_wandering": 0.002366943938210706,
    "meta_awareness": 0.003300337839911143,
    "redirect_breath": 0.0021432738155867394
  },
  "average_precision_by_state": {
    "breath_focus": 0.4843075151517398,
    "mind_wandering": 0.45553201289651657,
    "meta_awareness": 0.4937699796587089,
    "redirect_breath": 0.49812718687731977
  }
}