{
  "precision_weight": 0.5,
  "complexity_penalty": 0.2,
  "learning_rate": 0.02,
  "average_free_energy_by_state": {
    "breath_focus": 0.02513800237172726,
    "mind_wandering": 0.16057897809479185,
    "meta_awareness": 0.14501536946608534,
    "redirect_breath": 0.12084138355599822
  },
  "average_prediction_error_by_state": {
    "breath_focus": 0.007431465284762034,
    "mind_wandering": 0.012616878334603917,
    "meta_awareness": 0.015212780670891891,
    "redirect_breath": 0.0106902166371583
  },
  "average_precision_by_state": {
    "breath_focus": 0.7645754659828273,
    "mind_wandering": 0.6625033871639272,
    "meta_awareness": 0.8436954119996556,
    "redirect_breath": 0.8128136098922523
  },
  "network_expectations": {}
}