{
  "precision_weight": null,
  "complexity_penalty": null,
  "learning_rate": 0.02,
  "average_free_energy_by_state": {
    "breath_focus": 0.09311228101500213,
    "mind_wandering": 0.11564641875306138,
    "meta_awareness": 0.15414259513180542,
    "redirect_breath": 0.12829189475129854
  },
  "average_prediction_error_by_state": {
    "breath_focus": 0.00971910581844737,
    "mind_wandering": 0.008699556696185731,
    "meta_awareness": 0.012796938742315288,
    "redirect_breath": 0.011332760618938368
  },
  "average_precision_by_state": {
    "breath_focus": 0.7522331663284352,
    "mind_wandering": 0.6541868695864963,
    "meta_awareness": 0.7881329687600268,
    "redirect_breath": 0.8079122272552056
  },
  "network_expectations": {}
}