{
  "l3tol2_precision_min": 0.4,
  "l3tol2_precision_max": 0.6,
  "kl_beta": 1.0,
  "learning_rate": 0.01,
  "average_free_energy_by_state": {
    "breath_focus": 0.0469152070701441,
    "mind_wandering": 0.03481116283773934,
    "meta_awareness": 0.03444590272677485,
    "redirect_breath": 0.0368373637398084
  },
  "average_efe_by_state": {
    "breath_focus": 0.9551886098129277,
    "mind_wandering": 1.0383973709622918,
    "meta_awareness": 1.004357474808346,
    "redirect_breath": 1.080447078662448
  },
  "average_prediction_error_by_state": {
    "breath_focus": 0.0068170587556812675,
    "mind_wandering": 0.0033087548834674924,
    "meta_awareness": 0.007437105852581552,
    "redirect_breath": 0.006596003617354048
  },
  "average_precision_by_state": {
    "breath_focus": 0.48586015282867223,
    "mind_wandering": 0.4513381408015975,
    "meta_awareness": 0.4852333100366682,
    "redirect_breath": 0.5021636465882754
  }
}