{
  "l3tol2_precision_min": 0.4,
  "l3tol2_precision_max": 0.6,
  "kl_beta": 1.0,
  "learning_rate": 0.01,
  "average_free_energy_by_state": {
    "breath_focus": 0.04028138866956859,
    "mind_wandering": 0.03359379651286203,
    "meta_awareness": 0.02864486506555971,
    "redirect_breath": 0.031436512934871846
  },
  "average_efe_by_state": {
    "breath_focus": 0.9551693832269034,
    "mind_wandering": 1.0383969820312202,
    "meta_awareness": 1.0043566663012153,
    "redirect_breath": 1.080451384033848
  },
  "average_prediction_error_by_state": {
    "breath_focus": 0.0067555956609259525,
    "mind_wandering": 0.0034299866504494923,
    "meta_awareness": 0.0072574771295072305,
    "redirect_breath": 0.006195363026603849
  },
  "average_precision_by_state": {
    "breath_focus": 0.4861956050465866,
    "mind_wandering": 0.4513631242988773,
    "meta_awareness": 0.4853643599868821,
    "redirect_breath": 0.5024852897721022
  }
}