{
  "l3tol2_precision_range": [
    0.4,
    0.6
  ],
  "kl_beta": 1.0,
  "learning_rate": 0.01,
  "average_free_energy_by_state": {
    "breath_focus": 0.041459372920123326,
    "mind_wandering": 0.040076263486525654,
    "meta_awareness": 0.032790232691067185,
    "redirect_breath": 0.04146777477621617
  },
  "average_efe_by_state": {
    "breath_focus": 0.9539030387674234,
    "mind_wandering": 1.0387690345594096,
    "meta_awareness": 1.004808289249318,
    "redirect_breath": 1.0806749377392817
  },
  "average_prediction_error_by_state": {
    "breath_focus": 0.007076306287146647,
    "mind_wandering": 0.002893333701401325,
    "meta_awareness": 0.007754901710987641,
    "redirect_breath": 0.00747016839174398
  },
  "average_precision_by_state": {
    "breath_focus": 0.4877276586892179,
    "mind_wandering": 0.4319243363077258,
    "meta_awareness": 0.4727047898267606,
    "redirect_breath": 0.49820690890261277
  }
}