{
  "precision_weight": null,
  "complexity_penalty": null,
  "learning_rate": 0.01,
  "average_free_energy_by_state": {
    "breath_focus": 0.2676344543664348,
    "mind_wandering": 0.14568451885963932,
    "meta_awareness": 0.18346042001053794,
    "redirect_breath": 0.30088540264818936
  },
  "average_prediction_error_by_state": {
    "breath_focus": 0.08793043818260873,
    "mind_wandering": 0.021501778238209913,
    "meta_awareness": 0.042362381906730494,
    "redirect_breath": 0.15768338083142794
  },
  "average_precision_by_state": {
    "breath_focus": 0.7026242446500864,
    "mind_wandering": 0.6197107279021424,
    "meta_awareness": 0.7690032743552551,
    "redirect_breath": 0.7487466442941183
  },
  "network_expectations": {}
}