{
  "l3tol2_precision_range": [
    0.4,
    0.6
  ],
  "kl_beta": 1.0,
  "l2_vi_steps": 2,
  "l2_vi_lr": 0.24,
  "l2_vi_obs_weight": 1.0,
  "l2_vi_prior_weight": 1.0,
  "l2_vi_sensory_weight": 0.35,
  "l2_vi_temporal_weight": 0.12,
  "l2_vi_grad_clip": 5.0,
  "efe_ambiguity_weight": 0.4,
  "efe_cycle_strength": 0.35,
  "efe_gain": 0.35,
  "policy_horizon": 1,
  "policy_temperature": 1.0,
  "policy_temperature_by_state": {
    "breath_focus": 1.8,
    "mind_wandering": 1.15,
    "meta_awareness": 0.95,
    "redirect_attention": 1.0
  },
  "policy_horizon_discount": 0.6,
  "learning_rate": 0.01,
  "average_free_energy_by_state": {
    "breath_focus": 0.2631412869559695,
    "mind_wandering": 0.4368678246768775,
    "meta_awareness": 0.2304862816780404,
    "redirect_attention": 0.2940172576021932
  },
  "average_efe_by_state": {
    "breath_focus": 1.96313535105094,
    "mind_wandering": 4.24398402417384,
    "meta_awareness": 3.034094150616703,
    "redirect_attention": 2.1954464904551534
  },
  "average_efe_risk_by_state": {
    "breath_focus": 1.0145518473615256,
    "mind_wandering": 3.2434249560247115,
    "meta_awareness": 2.0387554574885907,
    "redirect_attention": 1.111713596261257
  },
  "average_efe_ambiguity_by_state": {
    "breath_focus": 2.371458759223536,
    "mind_wandering": 2.501397670372821,
    "meta_awareness": 2.4883467328202835,
    "redirect_attention": 2.7093322354847382
  },
  "average_policy_confidence_by_state": {
    "breath_focus": 0.9907479809095732,
    "mind_wandering": 0.9886741269536188,
    "meta_awareness": 0.9993992199426985,
    "redirect_attention": 0.999813866726718
  },
  "average_policy_entropy_by_state": {
    "breath_focus": 0.058795379509555615,
    "mind_wandering": 0.06978868795811269,
    "meta_awareness": 0.005410496211544755,
    "redirect_attention": 0.0019126671183780709
  },
  "average_mw_burden_by_state": {
    "breath_focus": 0.028787926905086754,
    "mind_wandering": 0.3073831440932009,
    "meta_awareness": 0.21484213251505208,
    "redirect_attention": 0.08001924688849628
  },
  "average_transition_hazard_by_state": {
    "breath_focus": 0.028180828584525485,
    "mind_wandering": 0.003510242237453891,
    "meta_awareness": 0.10031265272111693,
    "redirect_attention": 0.05350406332562885
  },
  "average_activation_burden_component_by_state": {
    "breath_focus": 0.7806136664439154,
    "mind_wandering": 0.3308889233112463,
    "meta_awareness": 1.0667727388098711,
    "redirect_attention": 0.8368102560336945
  },
  "average_coupling_burden_component_by_state": {
    "breath_focus": 0.24374999105930328,
    "mind_wandering": 0.16875000670552254,
    "meta_awareness": 0.46875,
    "redirect_attention": 0.4125000089406967
  },
  "average_action_pred_error_by_state": {
    "breath_focus": 0.009694100162816499,
    "mind_wandering": 0.005403758366052828,
    "meta_awareness": 0.008434582761878109,
    "redirect_attention": 0.01438176383158616
  },
  "ra_reorienting_success_rate": 0.8928571428571429,
  "average_latent_reconstruction_by_state": {
    "breath_focus": 0.01208419119342323,
    "mind_wandering": 0.005553482800949106,
    "meta_awareness": 0.009058676245703922,
    "redirect_attention": 0.016485064132898776
  },
  "average_latent_prior_kl_by_state": {
    "breath_focus": 0.07445132326188583,
    "mind_wandering": 0.10904507617624473,
    "meta_awareness": 0.09187319718120554,
    "redirect_attention": 0.03205787103476841
  },
  "average_latent_sensory_consistency_by_state": {
    "breath_focus": 0.03226715007361666,
    "mind_wandering": 0.06407037501066208,
    "meta_awareness": 0.04115204655909233,
    "redirect_attention": 0.011970285982060484
  },
  "average_latent_temporal_consistency_by_state": {
    "breath_focus": 0.007199022050887651,
    "mind_wandering": 0.008757060504380455,
    "meta_awareness": 0.01110078275644263,
    "redirect_attention": 0.008983757017200958
  },
  "average_latent_vfe_total_by_state": {
    "breath_focus": 0.09274594879890789,
    "mind_wandering": 0.12719057590946614,
    "meta_awareness": 0.10933856185113966,
    "redirect_attention": 0.05158696273737563
  },
  "average_prediction_error_by_state": {
    "breath_focus": 0.011279099840909197,
    "mind_wandering": 0.005476341737758602,
    "meta_awareness": 0.008977040583055217,
    "redirect_attention": 0.015394457136915082
  },
  "average_precision_by_state": {
    "breath_focus": 0.5258408897531972,
    "mind_wandering": 0.48435222838923625,
    "meta_awareness": 0.5177693696116337,
    "redirect_attention": 0.5336131807000193
  }
}