{
  "precision_weight": 0.5,
  "complexity_penalty": 0.2,
  "learning_rate": 0.02,
  "average_free_energy_by_state": {
    "breath_focus": 0.9303869942880966,
    "mind_wandering": 3.283765669166625,
    "meta_awareness": 0.9360941083236635,
    "redirect_breath": 1.8158818584160623
  },
  "average_prediction_error_by_state": {
    "breath_focus": 0.47213478416736965,
    "mind_wandering": 1.8759179897776963,
    "meta_awareness": 0.5663501922720177,
    "redirect_breath": 1.198577894082556
  },
  "average_precision_by_state": {
    "breath_focus": 0.734308013290345,
    "mind_wandering": 0.6703386111763316,
    "meta_awareness": 0.7647488478274798,
    "redirect_breath": 0.754737205567176
  },
  "network_expectations": {
    "breath_focus": {
      "DMN": 0.3234760423270894,
      "VAN": 0.563629295264611,
      "DAN": 0.696793102921533,
      "FPN": 0.6792489551438052
    },
    "mind_wandering": {
      "DMN": 0.5166429618182717,
      "VAN": 0.5752601450323447,
      "DAN": 0.48229250548336966,
      "FPN": 0.5727569967367955
    },
    "meta_awareness": {
      "DMN": 0.34293469013816547,
      "VAN": 0.6207934408756723,
      "DAN": 0.542482016065232,
      "FPN": 0.6057728189007511
    },
    "redirect_breath": {
      "DMN": 0.29936117604956675,
      "VAN": 0.5454563663390792,
      "DAN": 0.6475163799315953,
      "FPN": 0.6910932503578237
    }
  }
}