{
  "precision_weight": 0.5,
  "complexity_penalty": 0.2,
  "learning_rate": 0.02,
  "average_free_energy_by_state": {
    "breath_focus": 1.2182755386299033,
    "mind_wandering": 3.678230240215278,
    "meta_awareness": 2.480975631434501,
    "redirect_breath": 2.110336063846181
  },
  "average_prediction_error_by_state": {
    "breath_focus": 0.5642522166659717,
    "mind_wandering": 2.100260104445347,
    "meta_awareness": 1.6152016898420531,
    "redirect_breath": 1.109177581294349
  },
  "average_precision_by_state": {
    "breath_focus": 0.7567083287377582,
    "mind_wandering": 0.6835461817468024,
    "meta_awareness": 0.7878636145433058,
    "redirect_breath": 0.7687809391093232
  },
  "network_expectations": {
    "breath_focus": {
      "DMN": 0.3529026455587714,
      "VAN": 0.6133418522727335,
      "DAN": 0.6865553013127548,
      "FPN": 0.677490687408818
    },
    "mind_wandering": {
      "DMN": 0.501286961413955,
      "VAN": 0.6093428689470829,
      "DAN": 0.5085028471763423,
      "FPN": 0.5903264302716219
    },
    "meta_awareness": {
      "DMN": 0.40524561534779474,
      "VAN": 0.67085719162831,
      "DAN": 0.5555882934406413,
      "FPN": 0.6626760925300746
    },
    "redirect_breath": {
      "DMN": 0.37189324337629065,
      "VAN": 0.5999598203351043,
      "DAN": 0.6317346963508298,
      "FPN": 0.7117563479047252
    }
  }
}