{
  "precision_weight": 0.5,
  "complexity_penalty": 0.2,
  "learning_rate": 0.02,
  "average_free_energy_by_state": {
    "breath_focus": 1.2464576413364932,
    "mind_wandering": 3.630188378284297,
    "meta_awareness": 2.639562099623719,
    "redirect_breath": 2.1340608868170174
  },
  "average_prediction_error_by_state": {
    "breath_focus": 0.5573189839730281,
    "mind_wandering": 2.028619305160218,
    "meta_awareness": 1.6912208933976562,
    "redirect_breath": 1.2134664567323796
  },
  "average_precision_by_state": {
    "breath_focus": 0.7598764566288793,
    "mind_wandering": 0.6876890327683716,
    "meta_awareness": 0.7848023523829807,
    "redirect_breath": 0.7840822101594502
  },
  "network_expectations": {
    "breath_focus": {
      "DMN": 0.37902083803867004,
      "VAN": 0.58132248250182,
      "DAN": 0.6642508445349491,
      "FPN": 0.7107086940332827
    },
    "mind_wandering": {
      "DMN": 0.5120097625998886,
      "VAN": 0.6157976509382694,
      "DAN": 0.5036620818382797,
      "FPN": 0.5850749420284841
    },
    "meta_awareness": {
      "DMN": 0.41417788904661906,
      "VAN": 0.6636972763472145,
      "DAN": 0.5430350442352718,
      "FPN": 0.6646666516255032
    },
    "redirect_breath": {
      "DMN": 0.36999499252294304,
      "VAN": 0.6042000801294067,
      "DAN": 0.6417517220990949,
      "FPN": 0.7071778113938365
    }
  }
}