{
  "precision_weight": 0.5,
  "complexity_penalty": 0.2,
  "learning_rate": 0.02,
  "average_free_energy_by_state": {
    "breath_focus": 1.253143042051258,
    "mind_wandering": 3.8512658705230947,
    "meta_awareness": 2.6231738209228417,
    "redirect_breath": 2.1683349288493172
  },
  "average_prediction_error_by_state": {
    "breath_focus": 0.5918389008986757,
    "mind_wandering": 2.2192832374670264,
    "meta_awareness": 1.6962315086862814,
    "redirect_breath": 1.194876693439359
  },
  "average_precision_by_state": {
    "breath_focus": 0.7605813235158805,
    "mind_wandering": 0.6865793653465538,
    "meta_awareness": 0.8022103873781107,
    "redirect_breath": 0.7847186401462926
  },
  "network_expectations": {
    "breath_focus": {
      "DMN": 0.3711824707946798,
      "VAN": 0.5960046953780994,
      "DAN": 0.6743642013359595,
      "FPN": 0.6882388216979775
    },
    "mind_wandering": {
      "DMN": 0.5178884843016778,
      "VAN": 0.6299358979886994,
      "DAN": 0.4953365658041888,
      "FPN": 0.5974811936572959
    },
    "meta_awareness": {
      "DMN": 0.4114224380400215,
      "VAN": 0.6807660802157779,
      "DAN": 0.5755301030770155,
      "FPN": 0.683301256349152
    },
    "redirect_breath": {
      "DMN": 0.3839449186822603,
      "VAN": 0.629824967182672,
      "DAN": 0.6335117241316851,
      "FPN": 0.724028899638567
    }
  }
}