{
  "precision_weight": 0.4,
  "complexity_penalty": 0.4,
  "learning_rate": 0.01,
  "average_free_energy_by_state": {
    "breath_focus": 1.4525314978317159,
    "mind_wandering": 1.2265270434641824,
    "meta_awareness": 0.8874577959079889,
    "redirect_breath": 1.178016209833661
  },
  "average_prediction_error_by_state": {
    "breath_focus": 0.44290338281013764,
    "mind_wandering": 1.065221850375679,
    "meta_awareness": 0.6456594166781263,
    "redirect_breath": 0.42383808135614365
  },
  "average_precision_by_state": {
    "breath_focus": 0.685143662541587,
    "mind_wandering": 0.6043609343478487,
    "meta_awareness": 0.7335212118972922,
    "redirect_breath": 0.7019740882271649
  },
  "network_expectations": {
    "breath_focus": {
      "DMN": 0.4411742712425195,
      "VAN": 0.47156506355660915,
      "DAN": 0.6142095348292702,
      "FPN": 0.6137995081527864
    },
    "mind_wandering": {
      "DMN": 0.5799284318741821,
      "VAN": 0.45223355125041026,
      "DAN": 0.36809338955875065,
      "FPN": 0.40046857999462004
    },
    "meta_awareness": {
      "DMN": 0.40702721804427366,
      "VAN": 0.6081800553741965,
      "DAN": 0.48992072589613334,
      "FPN": 0.48351816575949713
    },
    "redirect_breath": {
      "DMN": 0.3824262488880355,
      "VAN": 0.46637514637456096,
      "DAN": 0.6061251265299314,
      "FPN": 0.5821567065525214
    }
  }
}