{
  "precision_weight": 0.4,
  "complexity_penalty": 0.4,
  "learning_rate": 0.01,
  "average_free_energy_by_state": {
    "breath_focus": 1.8688324696534624,
    "mind_wandering": 1.7143662360461918,
    "meta_awareness": 2.2479091743032744,
    "redirect_breath": 1.5931475120297804
  },
  "average_prediction_error_by_state": {
    "breath_focus": 0.6117141428850583,
    "mind_wandering": 1.3279806876121227,
    "meta_awareness": 1.616728817094461,
    "redirect_breath": 0.6389199472222462
  },
  "average_precision_by_state": {
    "breath_focus": 0.6922875314181574,
    "mind_wandering": 0.605843134616764,
    "meta_awareness": 0.7611934703453908,
    "redirect_breath": 0.7293747794731539
  },
  "network_expectations": {
    "breath_focus": {
      "DMN": 0.5509901603823085,
      "VAN": 0.5155948246333744,
      "DAN": 0.5812356008007278,
      "FPN": 0.6591046764742639
    },
    "mind_wandering": {
      "DMN": 0.623718183076711,
      "VAN": 0.46381398069911545,
      "DAN": 0.3767630788356347,
      "FPN": 0.43006152508522216
    },
    "meta_awareness": {
      "DMN": 0.46964896178413235,
      "VAN": 0.6468242567829945,
      "DAN": 0.502281611381168,
      "FPN": 0.5456043701939368
    },
    "redirect_breath": {
      "DMN": 0.4689545141394242,
      "VAN": 0.5046384782876047,
      "DAN": 0.5960891896571289,
      "FPN": 0.6181169631736281
    }
  }
}