{
  "precision_weight": 0.5,
  "complexity_penalty": 0.2,
  "learning_rate": 0.02,
  "average_free_energy_by_state": {
    "breath_focus": 1.2531430420512584,
    "mind_wandering": 3.8512658705230947,
    "meta_awareness": 2.6231738209228426,
    "redirect_breath": 2.1683349288493177
  },
  "average_prediction_error_by_state": {
    "breath_focus": 0.5918389008986757,
    "mind_wandering": 2.2192832374670264,
    "meta_awareness": 1.6962315086862818,
    "redirect_breath": 1.194876693439359
  },
  "average_precision_by_state": {
    "breath_focus": 0.7605813235158805,
    "mind_wandering": 0.6865793653465538,
    "meta_awareness": 0.8022103873781107,
    "redirect_breath": 0.7847186401462926
  },
  "network_expectations": {
    "breath_focus": {
      "DMN": 0.37118247079468,
      "VAN": 0.5960046953780997,
      "DAN": 0.6743642013359595,
      "FPN": 0.6882388216979778
    },
    "mind_wandering": {
      "DMN": 0.5178884843016779,
      "VAN": 0.6299358979886994,
      "DAN": 0.4953365658041887,
      "FPN": 0.5974811936572961
    },
    "meta_awareness": {
      "DMN": 0.41142243804002154,
      "VAN": 0.6807660802157779,
      "DAN": 0.5755301030770154,
      "FPN": 0.683301256349152
    },
    "redirect_breath": {
      "DMN": 0.3839449186822606,
      "VAN": 0.629824967182672,
      "DAN": 0.633511724131685,
      "FPN": 0.7240288996385672
    }
  }
}