{
  "precision_weight": 0.4,
  "complexity_penalty": 0.4,
  "learning_rate": 0.01,
  "average_free_energy_by_state": {
    "breath_focus": 1.9407510600206515,
    "mind_wandering": 1.7013593303022096,
    "meta_awareness": 2.073630100287386,
    "redirect_breath": 1.7143176571249303
  },
  "average_prediction_error_by_state": {
    "breath_focus": 0.6455141589736461,
    "mind_wandering": 1.2974629772087494,
    "meta_awareness": 1.5222414797686485,
    "redirect_breath": 0.6593116551475489
  },
  "average_precision_by_state": {
    "breath_focus": 0.6967724047452879,
    "mind_wandering": 0.6069978307475058,
    "meta_awareness": 0.76189085044477,
    "redirect_breath": 0.7379456647227236
  },
  "network_expectations": {
    "breath_focus": {
      "DMN": 0.5521124815716971,
      "VAN": 0.5131873906826134,
      "DAN": 0.5897374463334183,
      "FPN": 0.6585519751607873
    },
    "mind_wandering": {
      "DMN": 0.6215039031245821,
      "VAN": 0.48784428161132604,
      "DAN": 0.3803416555482761,
      "FPN": 0.433955252015729
    },
    "meta_awareness": {
      "DMN": 0.5189872070987739,
      "VAN": 0.6084824753899348,
      "DAN": 0.5094703392651222,
      "FPN": 0.5655100064158957
    },
    "redirect_breath": {
      "DMN": 0.44757073217617044,
      "VAN": 0.5086849445462738,
      "DAN": 0.6169125519399113,
      "FPN": 0.6273507891988708
    }
  }
}