{
  "precision_weight": 0.5,
  "complexity_penalty": 0.2,
  "learning_rate": 0.02,
  "average_free_energy_by_state": {
    "breath_focus": 1.3040983649750562,
    "mind_wandering": 3.7901768012563406,
    "meta_awareness": 2.676142547741342,
    "redirect_breath": 2.215789981666191
  },
  "average_prediction_error_by_state": {
    "breath_focus": 0.6012485305892695,
    "mind_wandering": 2.1454567286258337,
    "meta_awareness": 1.7320946097963026,
    "redirect_breath": 1.2445615355897828
  },
  "average_precision_by_state": {
    "breath_focus": 0.7634690209243404,
    "mind_wandering": 0.6889172911589521,
    "meta_awareness": 0.8043973022721764,
    "redirect_breath": 0.7869797030069345
  },
  "network_expectations": {
    "breath_focus": {
      "DMN": 0.3754871900749668,
      "VAN": 0.6040141237175365,
      "DAN": 0.6712790366101835,
      "FPN": 0.6922359900120472
    },
    "mind_wandering": {
      "DMN": 0.5193981992601768,
      "VAN": 0.6337536771025237,
      "DAN": 0.49318764837787327,
      "FPN": 0.596073499686353
    },
    "meta_awareness": {
      "DMN": 0.4117274367759027,
      "VAN": 0.6831493519365113,
      "DAN": 0.5726951536734908,
      "FPN": 0.6819393814930641
    },
    "redirect_breath": {
      "DMN": 0.3852243843779304,
      "VAN": 0.6326837707311028,
      "DAN": 0.6295451870996898,
      "FPN": 0.7249467741594308
    }
  }
}