{
  "l3tol2_precision_range": [
    0.4,
    0.6
  ],
  "kl_beta": 0.55,
  "l2_vi_steps": 2,
  "l2_vi_lr": 0.24,
  "l2_vi_obs_weight": 1.0,
  "l2_vi_prior_weight": 1.0,
  "l2_vi_sensory_weight": 0.35,
  "l2_vi_temporal_weight": 0.12,
  "l2_vi_grad_clip": 5.0,
  "efe_ambiguity_weight": 0.35,
  "efe_cycle_strength": 0.35,
  "efe_gain": 0.35,
  "policy_horizon": 1,
  "policy_temperature": 1.0,
  "policy_temperature_by_state": {
    "breath_focus": 1.05,
    "mind_wandering": 0.95,
    "meta_awareness": 0.85,
    "redirect_attention": 0.9
  },
  "policy_horizon_discount": 0.6,
  "learning_rate": 0.02,
  "average_free_energy_by_state": {
    "breath_focus": 0.1747184291237418,
    "mind_wandering": 0.1540000315906019,
    "meta_awareness": 0.11733405762967074,
    "redirect_attention": 0.1028528641996265
  },
  "average_efe_by_state": {
    "breath_focus": 7.01759092080194,
    "mind_wandering": 5.508660332143364,
    "meta_awareness": 2.327692269997921,
    "redirect_attention": 5.260942472811793
  },
  "average_efe_risk_by_state": {
    "breath_focus": 6.1082618980251135,
    "mind_wandering": 4.610574555501134,
    "meta_awareness": 1.453269186447702,
    "redirect_attention": 4.331293666537067
  },
  "average_efe_ambiguity_by_state": {
    "breath_focus": 2.5980829222195116,
    "mind_wandering": 2.565959361834946,
    "meta_awareness": 2.49835166728634,
    "redirect_attention": 2.656139446499219
  },
  "average_policy_confidence_by_state": {
    "breath_focus": 0.7143843198316122,
    "mind_wandering": 0.963421477090806,
    "meta_awareness": 0.9999175594378846,
    "redirect_attention": 0.95832281267988
  },
  "average_policy_entropy_by_state": {
    "breath_focus": 0.7285955715093262,
    "mind_wandering": 0.17844875610001038,
    "meta_awareness": 0.0008948152787326847,
    "redirect_attention": 0.17943388601249213
  },
  "average_mw_burden_by_state": {
    "breath_focus": 0.002006132256209995,
    "mind_wandering": 0.13749768851577893,
    "meta_awareness": 0.04631756301424893,
    "redirect_attention": 0.020358757581174898
  },
  "average_transition_hazard_by_state": {
    "breath_focus": 0.014090228841744754,
    "mind_wandering": 0.012848136383634403,
    "meta_awareness": 0.12474143785947019,
    "redirect_attention": 0.10896146463388308
  },
  "average_activation_burden_component_by_state": {
    "breath_focus": 0.0745143462391515,
    "mind_wandering": 0.10226747159385007,
    "meta_awareness": 0.1892593347803549,
    "redirect_attention": 0.11720614614976138
  },
  "average_coupling_burden_component_by_state": {
    "breath_focus": 0.14624999463558197,
    "mind_wandering": 0.10125000402331352,
    "meta_awareness": 0.34874998927116396,
    "redirect_attention": 0.24750000536441805
  },
  "average_action_pred_error_by_state": {
    "breath_focus": 0.002454567362387212,
    "mind_wandering": 0.003095781497193771,
    "meta_awareness": 0.004200095284174477,
    "redirect_attention": 0.0026383622982455953
  },
  "ra_reorienting_success_rate": 0.8095238095238095,
  "average_latent_reconstruction_by_state": {
    "breath_focus": 0.0022342085197859483,
    "mind_wandering": 0.0029409555522442276,
    "meta_awareness": 0.0035894548892892483,
    "redirect_attention": 0.0023544945174501014
  },
  "average_latent_prior_kl_by_state": {
    "breath_focus": 0.0658936565394654,
    "mind_wandering": 0.14009988834254183,
    "meta_awareness": 0.09761810101709276,
    "redirect_attention": 0.04297455330705198
  },
  "average_latent_sensory_consistency_by_state": {
    "breath_focus": 0.03590444897876078,
    "mind_wandering": 0.08992753585969196,
    "meta_awareness": 0.04095321552089925,
    "redirect_attention": 0.026551662107080824
  },
  "average_latent_temporal_consistency_by_state": {
    "breath_focus": 0.007198590227487925,
    "mind_wandering": 0.007861880099080336,
    "meta_awareness": 0.014382378483753441,
    "redirect_attention": 0.008072012331493164
  },
  "average_latent_vfe_total_by_state": {
    "breath_focus": 0.07482653239728863,
    "mind_wandering": 0.1601694951813065,
    "meta_awareness": 0.10983129211191861,
    "redirect_attention": 0.05059873711022304
  },
  "average_prediction_error_by_state": {
    "breath_focus": 0.002233979514471612,
    "mind_wandering": 0.0029238353249373137,
    "meta_awareness": 0.0035877118428717675,
    "redirect_attention": 0.002360640837642376
  },
  "average_precision_by_state": {
    "breath_focus": 0.5364040438507838,
    "mind_wandering": 0.481695282071814,
    "meta_awareness": 0.523171228835843,
    "redirect_attention": 0.5423178777916587
  }
}